image_name|image_id|image_width|image_height|annotation_id|category|category_id|iscrowd|bbox_xmin|bbox_ymin|bbox_xmax|bbox_ymax|bbox_width|bbox_height|bbox_area|segmentation|segmentation_area
PMC5501408_00005.jpg|367258|596|791|3573326|text|1|0|56.69|439.2|292.88|633.69|236.19|194.49|45936.5931|[[64.69, 439.2, 290.55, 439.2, 290.55, 451.2, 292.86, 451.2, 292.86, 465.74, 290.55, 465.74, 290.55, 477.74, 290.55, 487.2, 292.84, 487.2, 292.84, 501.74, 290.55, 501.74, 290.55, 511.2, 292.88, 511.2, 292.88, 525.74, 292.86, 525.74, 292.86, 535.19, 292.87, 535.19, 292.87, 549.73, 292.87, 549.73, 292.87, 559.18, 292.87, 559.18, 292.87, 573.72, 292.86, 573.72, 292.86, 583.17, 292.86, 583.17, 292.86, 595.17, 292.88, 595.17, 292.88, 609.7, 292.84, 609.7, 292.84, 621.7, 126.42, 621.7, 126.42, 633.69, 56.69, 633.69, 56.69, 619.16, 56.69, 607.16, 56.69, 595.17, 56.69, 583.17, 56.69, 571.18, 56.69, 559.18, 56.69, 547.19, 56.69, 535.19, 56.69, 523.2, 56.69, 511.2, 56.69, 499.2, 56.69, 487.2, 56.69, 475.2, 56.69, 463.2, 56.69, 451.2, 64.69, 451.2, 64.69, 439.2]]|43741.20463056304
PMC5501408_00005.jpg|367258|596|791|3573327|text|1|0|56.69|631.15|292.88|681.67|236.19|50.52|11932.3188|[[64.69, 631.15, 292.85, 631.15, 292.85, 643.15, 292.87, 643.15, 292.87, 655.15, 292.89, 655.15, 292.89, 669.68, 118.51, 669.68, 118.51, 681.67, 56.69, 681.67, 56.69, 667.14, 56.69, 655.15, 56.69, 643.15, 64.69, 643.15, 64.69, 631.15]]|9744.106964742998
PMC5501408_00005.jpg|367258|596|791|3573328|text|1|0|56.69|679.14|292.88|717.66|236.19|38.52|9098.0388|[[64.69, 679.14, 292.88, 679.14, 292.88, 691.13, 292.88, 691.13, 292.88, 705.66, 163.34, 705.66, 163.34, 717.66, 56.69, 717.66, 56.69, 703.13, 56.69, 691.13, 64.69, 691.13, 64.69, 679.14]]|7449.041851277812
PMC5501408_00005.jpg|367258|596|791|3573329|text|1|0|304.72|452.33|540.9200000000001|634.94|236.2|182.61|43132.482|[[312.73, 452.33, 540.92, 452.33, 540.92, 464.33, 540.92, 464.33, 540.92, 478.86, 540.87, 478.86, 540.87, 490.86, 540.86, 490.86, 540.86, 500.32, 540.88, 500.32, 540.88, 514.85, 540.88, 514.85, 540.88, 526.84, 540.87, 526.84, 540.87, 536.3, 540.91, 536.3, 540.91, 550.83, 540.87, 550.83, 540.87, 560.29, 540.92, 560.29, 540.92, 574.82, 540.88, 574.82, 540.88, 584.28, 540.92, 584.28, 540.92, 598.81, 538.58, 598.81, 538.58, 608.41, 540.9, 608.41, 540.9, 622.95, 415.65, 622.95, 415.65, 634.94, 304.72, 634.94, 304.72, 620.41, 304.72, 608.41, 304.73, 608.41, 304.73, 596.26, 304.73, 584.28, 304.73, 572.29, 304.73, 560.29, 304.73, 548.3, 304.73, 536.3, 304.73, 524.31, 304.73, 512.31, 304.73, 500.32, 304.73, 488.32, 304.73, 476.32, 304.73, 464.33, 312.73, 464.33, 312.73, 452.33]]|41505.2072499888
PMC5501408_00005.jpg|367258|596|791|3573330|text|1|0|304.72|656.41|540.9100000000001|718.92|236.19|62.51|14764.2369|[[304.72, 656.41, 540.87, 656.41, 540.87, 670.95, 540.85, 670.95, 540.85, 680.4, 540.88, 680.4, 540.88, 692.4, 540.91, 692.4, 540.91, 706.93, 540.86, 706.93, 540.86, 718.93, 304.72, 718.93, 304.72, 704.39, 304.72, 692.4, 304.72, 680.4, 304.72, 668.41, 304.72, 656.41]]|14762.9663983942
PMC5501408_00005.jpg|367258|596|791|3573331|text|1|0|56.69|87.18|210.4|98.33|153.71|11.15|1713.8665|[[56.69, 87.18, 210.4, 87.18, 210.4, 98.33, 56.69, 98.33, 56.69, 87.18]]|1714.0213250999875
PMC5501408_00005.jpg|367258|596|791|3573332|text|1|0|304.72|87.39|540.4000000000001|109.54|235.68|22.15|5220.312|[[304.72, 87.39, 540.4, 87.39, 540.4, 98.54, 322.37, 98.54, 322.37, 109.54, 304.72, 109.54, 304.72, 98.39, 304.72, 87.39]]|2822.1747260747943
PMC5501408_00005.jpg|367258|596|791|3573333|table|4|0|56.69|102.69|290.55|411.09|233.86|308.4|72122.424|[[56.69, 102.69, 290.55, 102.69, 290.55, 411.09, 56.69, 411.09, 56.69, 102.69]]|72122.02342921884
PMC5501408_00005.jpg|367258|596|791|3573334|table|4|0|304.72|113.9|538.58|422.3|233.86|308.4|72122.424|[[304.72, 113.9, 538.58, 113.9, 538.58, 422.3, 304.72, 422.3, 304.72, 113.9]]|72122.03056611889
PMC5501408_00005.jpg|367258|596|791|3573335|title|2|0|304.72|643.54|355.39000000000004|656.3|50.67|12.76|646.5492|[[304.72, 643.54, 355.39, 643.54, 355.39, 656.3, 304.72, 656.3, 304.72, 643.54]]|646.5804636899848
PMC4276059_00006.jpg|370215|613|791|3603707|text|1|0|63.16|643.6|297.16|665.82|234.0|22.22|5199.48|[[63.16, 643.6, 297.16, 643.6, 297.16, 652.84, 255.96, 652.84, 255.96, 665.82, 63.16, 665.82, 63.16, 656.58, 63.16, 643.6]]|4665.377011853037
PMC4276059_00006.jpg|370215|613|791|3603708|text|1|0|315.16|643.6|549.1600000000001|665.82|234.0|22.22|5199.48|[[315.16, 643.6, 549.15, 643.6, 549.15, 652.84, 528.82, 652.84, 528.82, 665.82, 315.16, 665.82, 315.16, 656.58, 315.16, 643.6]]|4936.198979093693
PMC4276059_00006.jpg|370215|613|791|3603709|text|1|0|63.16|669.57|297.15|730.8000000000001|233.99|61.23|14327.2077|[[75.12, 669.57, 297.14, 669.57, 297.14, 682.61, 297.15, 682.61, 297.15, 691.85, 297.13, 691.85, 297.13, 708.57, 297.14, 708.57, 297.14, 717.81, 297.13, 717.81, 297.13, 730.79, 63.16, 730.79, 63.16, 721.55, 63.16, 708.57, 63.16, 695.59, 63.16, 682.61, 75.12, 682.61, 75.12, 669.57]]|14170.140532249352
PMC4276059_00006.jpg|370215|613|791|3603710|text|1|0|315.16|669.56|549.1500000000001|730.79|233.99|61.23|14327.2077|[[327.12, 669.56, 549.14, 669.56, 549.14, 678.81, 549.12, 678.81, 549.12, 695.59, 549.14, 695.59, 549.14, 708.57, 549.14, 708.57, 549.14, 717.81, 549.12, 717.81, 549.12, 730.79, 315.16, 730.79, 315.16, 721.55, 315.16, 708.57, 315.16, 695.59, 315.16, 682.6, 327.12, 682.6, 327.12, 669.56]]|14169.818803559989
PMC4276059_00006.jpg|370215|613|791|3603711|text|1|0|63.16|61.15|396.27|69.57|333.11|8.42|2804.7862|[[63.16, 61.15, 396.27, 61.15, 396.27, 69.57, 63.16, 69.57, 63.16, 61.15]]|2803.47303255101
PMC4276059_00006.jpg|370215|613|791|3603712|table|4|0|63.16|74.69|549.13|603.5799999999999|485.97|528.89|257024.6733|[[63.16, 74.69, 549.13, 74.69, 549.13, 603.57, 63.16, 603.57, 63.16, 74.69]]|257024.71969010105
PMC4878642_00002.jpg|370704|596|794|3609574|text|1|0|42.52|576.01|291.79|693.64|249.27|117.63|29321.6301|[[59.53, 576.01, 291.79, 576.01, 291.79, 588.81, 291.77, 588.81, 291.77, 602.22, 291.77, 602.22, 291.77, 615.02, 291.76, 615.02, 291.76, 628.42, 291.77, 628.42, 291.77, 641.22, 291.77, 654.63, 291.78, 654.63, 291.78, 667.43, 291.78, 667.43, 291.78, 680.54, 255.17, 680.54, 255.17, 693.64, 42.52, 693.64, 42.52, 680.84, 42.52, 667.74, 42.52, 654.63, 42.52, 641.53, 42.52, 628.42, 42.52, 615.32, 42.52, 602.22, 42.52, 589.11, 59.53, 589.11, 59.53, 576.01]]|28617.526570500107
PMC4878642_00002.jpg|370704|596|794|3609575|text|1|0|42.52|693.94|291.79|732.95|249.27|39.01|9724.0227|[[59.53, 693.94, 291.79, 693.94, 291.79, 706.74, 291.77, 706.74, 291.77, 719.85, 101.81, 719.85, 101.81, 732.95, 42.52, 732.95, 42.52, 720.15, 42.52, 707.05, 59.53, 707.05, 59.53, 693.94]]|7010.773245000048
PMC4878642_00002.jpg|370704|596|794|3609576|text|1|0|42.65|296.69|288.69|306.28|246.04|9.59|2359.5236|[[42.65, 296.69, 288.69, 296.69, 288.69, 306.28, 42.65, 306.28, 42.65, 296.69]]|2360.0156799999822
PMC4878642_00002.jpg|370704|596|794|3609577|text|1|0|42.52|336.21|291.02|354.79999999999995|248.5|18.59|4619.615|[[42.52, 336.21, 291.02, 336.21, 291.02, 345.8, 81.17, 345.8, 81.17, 354.8, 42.52, 354.8, 42.52, 345.21, 42.52, 336.21]]|2731.482367999968
PMC4878642_00002.jpg|370704|596|794|3609578|text|1|0|306.14|53.95|554.65|72.54|248.51|18.59|4619.8009|[[306.14, 53.95, 554.65, 53.95, 554.65, 63.54, 387.71, 63.54, 387.71, 72.54, 306.14, 72.54, 306.14, 62.95, 306.14, 53.95]]|3117.8391039999988
PMC4878642_00002.jpg|370704|596|794|3609579|text|1|0|308.66|716.17|551.73|731.36|243.07|15.19|3692.2333|[[308.66, 716.17, 551.73, 716.17, 551.73, 723.36, 510.31, 723.36, 510.31, 731.36, 308.66, 731.36, 308.66, 724.17, 308.66, 716.17]]|3361.420295999851
PMC4878642_00002.jpg|370704|596|794|3609580|table|4|0|42.52|357.16|306.39|567.0600000000001|263.87|209.9|55386.313|[[42.52, 357.16, 306.39, 357.16, 306.39, 567.07, 42.52, 567.07, 42.52, 357.16]]|55387.471641600016
PMC4878642_00002.jpg|370704|596|794|3609581|table|4|0|306.14|74.9|553.0|715.12|246.86|640.22|158044.7092|[[306.14, 74.9, 553.01, 74.9, 553.01, 715.12, 306.14, 715.12, 306.14, 74.9]]|158046.76088836003
PMC4878642_00002.jpg|370704|596|794|3609582|figure|5|0|42.52|55.57|306.39|292.83|263.87|237.26|62605.7962|[[42.52, 55.57, 306.39, 55.57, 306.39, 292.83, 42.52, 292.83, 42.52, 55.57]]|62606.23244094096
PMC5952421_00002.jpg|377168|596|791|3679769|text|1|0|56.69|84.77|290.55|217.84|233.86|133.07|31119.7502|[[56.69, 84.77, 290.51, 84.77, 290.51, 97.87, 290.51, 97.87, 290.51, 110.94, 290.55, 110.94, 290.55, 121.85, 290.54, 121.85, 290.54, 133.87, 290.51, 133.87, 290.51, 145.83, 290.51, 145.83, 290.51, 157.87, 290.55, 157.87, 290.55, 169.87, 290.53, 169.87, 290.53, 182.93, 290.53, 182.93, 290.53, 194.95, 290.53, 194.95, 290.53, 205.87, 260.48, 205.87, 260.48, 217.83, 56.69, 217.83, 56.69, 206.91, 56.69, 194.95, 56.69, 182.93, 56.69, 170.92, 56.69, 157.87, 56.69, 146.35, 56.69, 134.92, 56.69, 122.95, 56.69, 110.94, 56.69, 98.92, 56.69, 84.77]]|30755.980235174186
PMC5952421_00002.jpg|377168|596|791|3679770|text|1|0|56.69|218.93|290.55|373.84|233.86|154.91|36227.2526|[[64.69, 218.93, 290.51, 218.93, 290.51, 230.69, 290.53, 230.69, 290.53, 241.87, 290.49, 241.87, 290.49, 253.83, 290.48, 253.83, 290.48, 265.85, 290.46, 265.85, 290.46, 278.91, 290.54, 278.91, 290.54, 289.83, 290.51, 289.83, 290.51, 302.95, 290.52, 302.95, 290.52, 313.87, 290.52, 313.87, 290.52, 326.93, 290.54, 326.93, 290.54, 338.95, 290.55, 338.95, 290.55, 349.87, 290.54, 349.87, 290.54, 361.83, 277.64, 361.83, 277.64, 373.85, 56.69, 373.85, 56.69, 362.54, 56.69, 350.91, 56.69, 338.95, 56.69, 326.93, 56.69, 314.91, 56.69, 302.95, 56.69, 290.93, 56.69, 278.91, 56.69, 266.95, 56.69, 254.93, 56.69, 254.93, 56.69, 242.64, 56.69, 230.69, 64.69, 230.69, 64.69, 218.93]]|35973.40290603461
PMC5952421_00002.jpg|377168|596|791|3679771|text|1|0|56.69|398.94|290.55|589.85|233.86|190.91|44646.2126|[[56.69, 398.94, 290.51, 398.94, 290.51, 409.85, 290.47, 409.85, 290.47, 422.92, 290.52, 422.92, 290.52, 434.94, 290.53, 434.94, 290.53, 445.48, 290.53, 445.48, 290.53, 457.87, 290.48, 457.87, 290.48, 470.93, 290.48, 470.93, 290.48, 482.95, 290.54, 482.95, 290.54, 493.87, 290.51, 493.87, 290.51, 506.93, 290.53, 506.93, 290.53, 517.85, 290.48, 517.85, 290.48, 530.91, 290.52, 530.91, 290.52, 542.93, 290.55, 542.93, 290.55, 553.85, 290.53, 553.85, 290.53, 565.87, 290.52, 565.87, 290.52, 577.83, 171.05, 577.83, 171.05, 589.85, 56.69, 589.85, 56.69, 578.93, 56.69, 566.91, 56.69, 566.91, 56.69, 553.62, 56.69, 542.93, 56.69, 530.91, 56.69, 518.95, 56.69, 506.93, 56.69, 494.92, 56.69, 482.95, 56.69, 482.95, 56.69, 470.93, 56.69, 457.87, 56.69, 457.87, 56.69, 445.48, 56.69, 434.94, 56.69, 422.92, 56.69, 410.96, 56.69, 398.94]]|43203.153745972086
PMC5952421_00002.jpg|377168|596|791|3679772|text|1|0|304.72|86.95|538.58|109.83|233.86|22.88|5350.7168|[[304.72, 86.95, 538.58, 86.95, 538.58, 97.87, 519.42, 97.87, 519.42, 109.83, 304.72, 109.83, 304.72, 98.91, 304.72, 86.95]]|5121.14768413236
PMC5952421_00002.jpg|377168|596|791|3679773|text|1|0|56.69|590.95|290.6|733.84|233.91|142.89|33423.3999|[[64.69, 590.95, 290.53, 590.95, 290.53, 602.91, 290.53, 602.91, 290.53, 614.93, 290.6, 614.93, 290.6, 625.85, 290.51, 625.85, 290.51, 638.91, 290.55, 638.91, 290.55, 650.93, 290.55, 650.93, 290.55, 661.85, 290.54, 661.85, 290.54, 674.91, 290.54, 674.91, 290.54, 685.83, 290.52, 685.83, 290.52, 697.85, 290.51, 697.85, 290.51, 710.91, 290.59, 710.91, 290.59, 721.83, 290.51, 721.83, 290.51, 733.84, 56.69, 733.84, 56.69, 722.93, 56.69, 710.91, 56.69, 698.95, 56.69, 686.93, 56.69, 674.91, 56.69, 662.95, 56.69, 650.93, 56.69, 638.91, 56.69, 626.95, 56.69, 614.93, 56.69, 602.91, 64.69, 602.91, 64.69, 590.95]]|33319.96850152314
PMC5952421_00002.jpg|377168|596|791|3679774|text|1|0|304.72|110.93|538.62|301.84000000000003|233.9|190.91|44653.849|[[312.72, 110.93, 538.58, 110.93, 538.58, 121.85, 538.54, 121.85, 538.54, 133.87, 538.5, 133.87, 538.5, 146.93, 538.56, 146.93, 538.56, 157.85, 538.46, 157.85, 538.46, 170.91, 538.55, 170.91, 538.55, 181.83, 538.52, 181.83, 538.52, 194.95, 538.58, 194.95, 538.58, 205.86, 538.58, 205.86, 538.58, 217.82, 538.54, 217.82, 538.54, 230.95, 538.55, 230.95, 538.55, 242.91, 538.57, 242.91, 538.57, 254.93, 538.59, 254.93, 538.59, 265.84, 538.51, 265.84, 538.51, 278.91, 538.62, 278.91, 538.62, 289.82, 439.97, 289.82, 439.97, 301.84, 304.72, 301.84, 304.72, 290.92, 304.72, 278.91, 304.72, 266.94, 304.72, 254.93, 304.72, 242.91, 304.72, 230.95, 304.72, 218.93, 304.72, 206.91, 304.72, 194.95, 304.72, 182.93, 304.72, 170.91, 304.72, 158.95, 304.72, 146.93, 304.72, 134.91, 304.72, 122.95, 312.72, 122.95, 312.72, 110.93]]|43359.17177811591
PMC5952421_00002.jpg|377168|596|791|3679775|text|1|0|304.72|302.94|538.6500000000001|493.85|233.93|190.91|44659.5763|[[312.72, 302.94, 538.58, 302.94, 538.58, 313.86, 538.53, 313.86, 538.53, 326.92, 538.55, 326.92, 538.55, 337.84, 538.53, 337.84, 538.53, 350.9, 538.55, 350.9, 538.55, 362.92, 538.59, 362.92, 538.59, 373.84, 538.56, 373.84, 538.56, 385.86, 538.56, 385.86, 538.56, 397.82, 538.52, 397.82, 538.52, 410.94, 538.55, 410.94, 538.55, 422.9, 538.65, 422.9, 538.65, 433.82, 538.47, 433.82, 538.47, 446.94, 538.57, 446.94, 538.57, 458.9, 538.58, 458.9, 538.58, 470.92, 538.65, 470.92, 538.65, 481.84, 532.82, 481.84, 532.82, 493.85, 304.72, 493.85, 304.72, 482.94, 304.72, 470.92, 304.72, 458.9, 304.72, 446.94, 304.72, 434.92, 304.72, 422.9, 304.72, 410.94, 304.72, 397.82, 304.72, 397.82, 304.72, 386.9, 304.72, 374.94, 304.72, 362.92, 304.72, 350.9, 304.72, 338.94, 304.72, 326.92, 304.72, 314.9, 312.72, 314.9, 312.72, 302.94]]|44477.95677215047
PMC5952421_00002.jpg|377168|596|791|3679776|text|1|0|304.72|494.9|538.61|577.81|233.89|82.91|19391.8199|[[312.72, 494.9, 538.54, 494.9, 538.54, 506.92, 538.58, 506.92, 538.58, 517.84, 538.52, 517.84, 538.52, 530.9, 538.53, 530.9, 538.53, 542.92, 538.61, 542.92, 538.61, 553.83, 538.52, 553.83, 538.52, 565.85, 402.73, 565.85, 402.73, 577.81, 304.72, 577.81, 304.72, 566.9, 304.72, 554.94, 304.72, 542.92, 304.72, 530.9, 304.72, 518.94, 304.72, 506.92, 312.72, 506.92, 312.72, 494.9]]|17666.979728324804
PMC5952421_00002.jpg|377168|596|791|3679777|text|1|0|304.72|610.4|538.5500000000001|681.35|233.83|70.95|16590.238500000003|[[304.72, 610.4, 538.56, 610.4, 538.56, 621.32, 538.54, 621.32, 538.54, 634.44, 538.55, 634.44, 538.55, 645.36, 538.52, 645.36, 538.52, 658.42, 538.55, 658.42, 538.55, 669.34, 405.0, 669.34, 405.0, 681.35, 304.72, 681.35, 304.72, 670.44, 304.72, 658.42, 304.72, 646.4, 304.72, 634.44, 304.72, 622.42, 304.72, 610.4]]|14985.1285038013
PMC5952421_00002.jpg|377168|596|791|3679778|text|1|0|304.72|705.56|533.53|733.04|228.81|27.48|6287.6988|[[304.72, 705.56, 533.53, 705.56, 533.53, 715.01, 526.45, 715.01, 526.45, 724.03, 406.56, 724.03, 406.56, 733.04, 304.72, 733.04, 304.72, 724.69, 304.72, 715.01, 304.72, 715.01, 304.72, 705.56]]|5080.120673363563
PMC5952421_00002.jpg|377168|596|791|3679779|title|2|0|56.69|385.81|105.04|397.6|48.35|11.79|570.0464999999999|[[56.69, 385.81, 105.05, 385.81, 105.05, 397.61, 56.69, 397.61, 56.69, 385.81]]|570.2673805300001
PMC5952421_00002.jpg|377168|596|791|3679780|title|2|0|304.72|597.33|355.08000000000004|609.12|50.36|11.79|593.7443999999999|[[304.72, 597.33, 355.08, 597.33, 355.08, 609.13, 304.72, 609.13, 304.72, 597.33]]|593.8817414499354
PMC5952421_00002.jpg|377168|596|791|3679781|title|2|0|304.72|697.54|350.08000000000004|706.05|45.36|8.51|386.0136|[[304.72, 697.54, 350.08, 697.54, 350.08, 706.05, 304.72, 706.05, 304.72, 697.54]]|386.1167033487
PMC5989580_00007.jpg|381105|596|783|3718344|text|1|0|45.24|277.75|284.66|310.87|239.42|33.12|7929.590399999999|[[45.24, 277.75, 284.66, 277.75, 284.66, 287.4, 284.54, 287.4, 284.54, 299.13, 213.21, 299.13, 213.21, 310.87, 45.24, 310.87, 45.24, 299.13, 45.24, 299.13, 45.24, 287.4, 45.24, 287.4, 45.24, 277.75]]|7090.716156065522
PMC5989580_00007.jpg|381105|596|783|3718345|text|1|0|45.24|318.68|284.57|480.84|239.33|162.16|38809.7528|[[45.24, 318.68, 284.55, 318.68, 284.55, 330.41, 284.57, 330.41, 284.57, 340.07, 284.54, 340.07, 284.54, 351.75, 284.52, 351.75, 284.52, 363.48, 284.5, 363.48, 284.5, 377.3, 284.55, 377.3, 284.55, 386.95, 284.53, 386.95, 284.53, 400.41, 284.54, 400.41, 284.54, 410.42, 284.5, 410.42, 284.5, 424.24, 284.57, 424.24, 284.57, 433.89, 284.51, 433.89, 284.51, 447.71, 284.52, 447.71, 284.52, 457.37, 284.5, 457.37, 284.5, 469.1, 259.78, 469.1, 259.78, 480.84, 45.24, 480.84, 45.24, 471.18, 45.24, 459.45, 45.24, 447.71, 45.24, 435.98, 45.24, 422.16, 45.24, 422.16, 45.24, 410.42, 45.24, 410.42, 45.24, 400.41, 45.24, 389.03, 45.24, 377.3, 45.24, 365.56, 45.24, 353.83, 45.24, 342.09, 45.24, 330.41, 45.24, 318.68]]|38511.69189888169
PMC5989580_00007.jpg|381105|596|783|3718346|text|1|0|45.24|525.55|284.66|731.76|239.42|206.21|49370.7982|[[45.24, 525.55, 284.56, 525.55, 284.56, 535.2, 284.56, 535.2, 284.56, 550.16, 284.61, 550.16, 284.61, 559.81, 284.55, 559.81, 284.55, 574.7, 284.63, 574.7, 284.63, 587.01, 284.64, 587.01, 284.64, 599.25, 284.66, 599.25, 284.66, 608.91, 284.55, 608.91, 284.55, 623.86, 284.62, 623.86, 284.62, 633.51, 284.55, 633.51, 284.55, 648.4, 284.61, 648.4, 284.61, 658.06, 284.55, 658.06, 284.55, 672.95, 284.55, 672.95, 284.55, 685.25, 284.55, 685.25, 284.55, 694.91, 284.55, 694.91, 284.55, 709.8, 284.55, 709.8, 284.55, 719.46, 101.08, 719.46, 101.08, 731.76, 45.24, 731.76, 45.24, 722.1, 45.24, 709.8, 45.24, 697.56, 45.24, 685.25, 45.24, 672.95, 45.24, 660.71, 45.24, 648.4, 45.24, 636.1, 45.24, 623.86, 45.24, 608.91, 45.24, 608.91, 45.24, 599.25, 45.24, 587.01, 45.24, 574.7, 45.24, 562.4, 45.24, 550.16, 45.24, 537.85, 45.24, 525.55]]|47095.326150560286
PMC5989580_00007.jpg|381105|596|783|3718347|text|1|0|310.0|341.13|549.29|397.78|239.29|56.65|13555.7785|[[310.0, 341.13, 549.27, 341.13, 549.27, 350.78, 549.27, 350.78, 549.27, 362.52, 549.26, 362.52, 549.26, 376.39, 549.28, 376.39, 549.28, 386.05, 463.61, 386.05, 463.61, 397.78, 310.0, 397.78, 310.0, 388.13, 310.0, 376.39, 310.0, 364.66, 310.0, 352.86, 310.0, 341.13]]|12550.0692333614
PMC5989580_00007.jpg|381105|596|783|3718348|text|1|0|310.0|405.59|549.3199999999999|485.77|239.32|80.18|19188.677600000003|[[310.0, 405.59, 549.32, 405.59, 549.32, 415.24, 549.3, 415.24, 549.3, 429.06, 549.3, 429.06, 549.3, 438.71, 549.25, 438.71, 549.25, 452.59, 549.26, 452.59, 549.26, 462.24, 549.24, 462.24, 549.24, 474.03, 483.45, 474.03, 483.45, 485.77, 310.0, 485.77, 310.0, 476.11, 310.0, 464.38, 310.0, 452.59, 310.0, 440.85, 310.0, 429.06, 310.0, 417.32, 310.0, 405.59]]|18412.62171697151
PMC5989580_00007.jpg|381105|596|783|3718349|text|1|0|310.0|493.52|549.38|515.53|239.38|22.01|5268.7538|[[310.0, 493.52, 549.38, 493.52, 549.38, 503.17, 549.37, 503.17, 549.37, 515.53, 310.0, 515.53, 310.0, 505.88, 310.0, 493.52]]|5269.389848916442
PMC5989580_00007.jpg|381105|596|783|3718350|text|1|0|310.05|285.44|549.1600000000001|312.83|239.11|27.39|6549.222900000001|[[310.05, 285.44, 549.11, 285.44, 549.11, 295.44, 549.16, 295.44, 549.16, 302.85, 472.52, 302.85, 472.52, 312.83, 310.05, 312.83, 310.05, 305.42, 310.05, 295.44, 310.05, 285.44]]|5784.164482882712
PMC5989580_00007.jpg|381105|596|783|3718351|text|1|0|310.05|671.91|543.78|719.26|233.73|47.35|11067.1155|[[310.05, 671.91, 543.76, 671.91, 543.76, 681.97, 543.79, 681.97, 543.79, 689.38, 543.77, 689.38, 543.77, 699.3, 543.73, 699.3, 543.73, 709.28, 506.74, 709.28, 506.74, 719.26, 310.05, 719.26, 310.05, 711.85, 310.05, 701.87, 310.05, 691.89, 310.05, 681.97, 310.05, 671.91]]|10695.613441877533
PMC5989580_00007.jpg|381105|596|783|3718352|text|1|0|45.24|68.36|226.62|75.86|181.38|7.5|1360.35|[[45.24, 68.36, 226.62, 68.36, 226.62, 75.86, 45.24, 75.86, 45.24, 68.36]]|1360.5639918190864
PMC5989580_00007.jpg|381105|596|783|3718353|text|1|0|45.24|229.5|284.58|246.89|239.34|17.39|4162.122600000001|[[45.24, 229.5, 284.58, 229.5, 284.58, 236.92, 74.52, 236.92, 74.52, 246.9, 45.24, 246.9, 45.24, 239.48, 45.24, 229.5]]|2066.231853771169
PMC5989580_00007.jpg|381105|596|783|3718354|table|4|0|45.24|80.35|284.6|223.44|239.36|143.09|34250.0224|[[45.24, 80.35, 284.6, 80.35, 284.6, 223.44, 45.24, 223.44, 45.24, 80.35]]|34250.43640737499
PMC5989580_00007.jpg|381105|596|783|3718355|figure|5|0|284.2|67.99|549.41|275.26|265.21|207.27|54970.0767|[[284.2, 67.99, 549.41, 67.99, 549.41, 275.26, 284.2, 275.26, 284.2, 67.99]]|54969.339012
PMC5989580_00007.jpg|381105|596|783|3718356|figure|5|0|310.05|538.65|549.4100000000001|661.73|239.36|123.08|29460.4288|[[310.05, 538.65, 549.41, 538.65, 549.41, 661.73, 310.05, 661.73, 310.05, 538.65]]|29460.287667220924
PMC5989580_00007.jpg|381105|596|783|3718357|title|2|0|45.24|499.05|242.81|519.73|197.57|20.68|4085.7476|[[45.24, 499.05, 242.81, 499.05, 242.81, 508.28, 93.56, 508.28, 93.56, 519.73, 45.24, 519.73, 45.24, 510.51, 45.24, 499.05]]|2376.167501641321
PMC5260966_00008.jpg|383692|596|842|3742607|text|1|0|76.12|88.55|520.49|370.95|444.37|282.4|125490.088|[[76.53, 88.55, 518.74, 88.55, 518.74, 102.06, 519.99, 102.06, 519.99, 114.28, 518.94, 114.28, 518.94, 127.79, 518.74, 127.79, 518.74, 141.3, 518.74, 141.3, 518.74, 156.1, 518.74, 156.1, 518.74, 169.61, 518.74, 169.61, 518.74, 183.12, 519.12, 183.12, 519.12, 196.63, 519.74, 196.63, 519.74, 208.84, 518.74, 208.84, 518.74, 222.35, 518.74, 222.35, 518.74, 237.16, 518.74, 237.16, 518.74, 249.37, 518.74, 249.37, 518.74, 264.18, 520.48, 264.18, 520.48, 276.39, 518.74, 276.39, 518.74, 291.19, 518.74, 291.19, 518.74, 304.7, 518.94, 304.7, 518.94, 316.92, 518.74, 316.92, 518.74, 331.72, 518.74, 331.72, 518.74, 345.23, 518.74, 345.23, 518.74, 357.45, 488.58, 357.45, 488.58, 370.96, 76.53, 370.96, 76.53, 358.74, 76.53, 345.23, 76.53, 331.72, 76.53, 318.21, 76.53, 304.7, 76.53, 289.9, 76.23, 289.9, 76.23, 277.69, 76.53, 277.69, 76.53, 264.18, 76.53, 250.67, 76.53, 237.16, 76.53, 223.65, 76.53, 210.14, 76.53, 196.63, 76.53, 181.82, 76.24, 181.82, 76.24, 169.61, 76.53, 169.61, 76.53, 156.1, 76.53, 142.59, 76.53, 127.79, 76.12, 127.79, 76.12, 115.57, 76.53, 115.57, 76.53, 102.06, 76.53, 88.55]]|124543.52816217998
PMC5260966_00008.jpg|383692|596|842|3742608|text|1|0|76.53|401.44|519.98|508.22|443.45|106.78|47351.591|[[97.8, 401.44, 518.74, 401.44, 518.74, 414.95, 519.98, 414.95, 519.98, 428.46, 519.98, 428.46, 519.98, 440.67, 518.74, 440.67, 518.74, 455.48, 519.98, 455.48, 519.98, 467.69, 518.74, 467.69, 518.74, 482.5, 518.74, 482.5, 518.74, 494.71, 432.55, 494.71, 432.55, 508.22, 76.53, 508.22, 76.53, 496.01, 76.53, 482.5, 76.53, 468.99, 76.53, 455.48, 76.53, 441.97, 76.53, 428.46, 76.53, 414.95, 97.8, 414.95, 97.8, 401.44]]|45814.082089905394
PMC5260966_00008.jpg|383692|596|842|3742609|text|1|0|76.53|509.52|518.74|535.24|442.21|25.72|11373.641199999998|[[97.8, 509.52, 518.74, 509.52, 518.74, 521.73, 326.65, 521.73, 326.65, 535.24, 76.53, 535.24, 76.53, 523.03, 97.8, 523.03, 97.8, 509.52]]|8492.990778800915
PMC5260966_00008.jpg|383692|596|842|3742610|text|1|0|76.24|627.99|519.13|721.26|442.89|93.27|41308.3503|[[97.8, 627.99, 518.73, 627.99, 518.73, 641.5, 518.94, 641.5, 518.94, 653.72, 518.74, 653.72, 518.74, 668.52, 518.74, 668.52, 518.74, 682.03, 519.12, 682.03, 519.12, 694.24, 518.74, 694.24, 518.74, 707.75, 379.49, 707.75, 379.49, 721.26, 76.53, 721.26, 76.53, 707.75, 76.24, 707.75, 76.24, 695.54, 76.53, 695.54, 76.53, 682.03, 76.53, 668.52, 76.53, 655.01, 76.53, 641.5, 97.8, 641.5, 97.8, 627.99]]|39086.81739199348
PMC5260966_00008.jpg|383692|596|842|3742611|text|1|0|76.53|758.13|328.22|769.31|251.69|11.18|2813.8942|[[76.53, 758.13, 328.23, 758.13, 328.23, 769.31, 76.53, 769.31, 76.53, 758.13]]|2814.52367749298
PMC5260966_00008.jpg|383692|596|842|3742612|text|1|0|76.19|731.94|520.31|753.2|444.12|21.26|9441.9912|[[76.19, 731.94, 520.31, 731.94, 520.31, 743.07, 462.05, 743.07, 462.05, 753.2, 76.53, 753.2, 76.53, 743.07, 76.19, 743.07, 76.19, 731.94]]|8848.490639416501
PMC5260966_00008.jpg|383692|596|842|3742613|list|3|0|76.21|546.5|490.06|616.74|413.85|70.24|29068.824|[[76.21, 546.5, 235.46, 546.5, 235.46, 558.71, 215.06, 558.71, 215.06, 575.51, 242.04, 575.51, 242.04, 590.02, 490.05, 590.02, 490.05, 602.23, 347.47, 602.23, 347.47, 616.74, 76.21, 616.74, 76.21, 604.52, 76.21, 590.02, 76.21, 575.51, 76.21, 561.0, 76.21, 546.5]]|15672.776373896748
PMC5260966_00008.jpg|383692|596|842|3742614|title|2|0|76.53|381.7|146.62|394.01|70.09|12.31|862.8079000000001|[[76.53, 381.7, 146.62, 381.7, 146.62, 394.01, 76.53, 394.01, 76.53, 381.7]]|863.0341081018705
PMC3168849_00000.jpg|388341|601|792|3791260|text|1|0|86.85|345.53|549.38|438.74|462.53|93.21|43112.4213|[[86.85, 345.53, 549.34, 345.53, 549.34, 355.05, 549.34, 355.05, 549.34, 366.44, 549.38, 366.44, 549.38, 375.97, 549.35, 375.97, 549.35, 387.37, 549.38, 387.37, 549.38, 396.89, 549.37, 396.89, 549.37, 407.35, 549.36, 407.35, 549.36, 417.81, 549.26, 417.81, 549.26, 428.28, 131.38, 428.28, 131.38, 438.73, 86.85, 438.73, 86.85, 429.21, 86.85, 418.75, 86.85, 408.29, 86.85, 397.83, 86.85, 387.37, 86.85, 387.37, 86.85, 376.91, 86.85, 365.51, 86.85, 365.51, 86.85, 355.98, 86.85, 345.53]]|38736.90894353856
PMC3168849_00000.jpg|388341|601|792|3791261|text|1|0|50.73|494.15|290.97|743.45|240.24|249.3|59891.832|[[50.73, 494.15, 290.93, 494.15, 290.93, 505.52, 290.94, 505.52, 290.94, 516.89, 290.97, 516.89, 290.97, 527.47, 290.9, 527.47, 290.9, 539.62, 290.93, 539.62, 290.93, 550.99, 290.96, 550.99, 290.96, 561.57, 290.93, 561.57, 290.93, 572.94, 290.84, 572.94, 290.84, 585.09, 290.94, 585.09, 290.94, 595.67, 290.9, 595.67, 290.9, 607.82, 290.92, 607.82, 290.92, 618.4, 290.9, 618.4, 290.9, 629.78, 290.9, 629.78, 290.9, 641.93, 290.91, 641.93, 290.91, 653.3, 290.95, 653.3, 290.95, 663.88, 290.91, 663.88, 290.91, 676.04, 290.94, 676.04, 290.94, 686.62, 290.93, 686.62, 290.93, 697.98, 290.92, 697.98, 290.92, 709.35, 290.9, 709.35, 290.9, 720.72, 290.86, 720.72, 290.86, 732.09, 283.87, 732.09, 283.87, 743.45, 50.73, 743.45, 50.73, 732.87, 50.73, 721.51, 50.73, 710.14, 50.73, 697.98, 50.73, 697.98, 50.73, 687.4, 50.73, 676.04, 50.73, 664.67, 50.73, 653.3, 50.73, 641.15, 50.73, 641.15, 50.73, 630.57, 50.73, 619.2, 50.73, 607.82, 50.73, 596.46, 50.73, 585.09, 50.73, 573.72, 50.73, 562.35, 50.73, 550.99, 50.73, 539.62, 50.73, 528.25, 50.73, 516.1, 50.73, 516.1, 50.73, 505.52, 50.73, 494.15]]|59798.46806882788
PMC3168849_00000.jpg|388341|601|792|3791262|text|1|0|308.67|474.27|548.89|648.97|240.22|174.7|41966.434|[[323.61, 474.27, 548.89, 474.27, 548.89, 484.85, 548.88, 484.85, 548.88, 496.71, 548.86, 496.71, 548.86, 508.08, 548.84, 508.08, 548.84, 519.44, 548.81, 519.44, 548.81, 530.81, 548.81, 530.81, 548.81, 543.47, 548.87, 543.47, 548.87, 554.05, 548.85, 554.05, 548.85, 567.19, 548.86, 567.19, 548.86, 577.77, 548.83, 577.77, 548.83, 590.62, 548.88, 590.62, 548.88, 601.51, 548.83, 601.51, 548.83, 614.66, 548.83, 614.66, 548.83, 626.52, 548.86, 626.52, 548.86, 637.1, 324.31, 637.1, 324.31, 648.97, 308.67, 648.97, 308.67, 637.1, 308.67, 637.1, 308.67, 626.52, 308.67, 614.66, 308.67, 602.8, 308.67, 602.8, 308.67, 590.62, 308.67, 579.07, 308.67, 567.19, 308.67, 554.05, 308.67, 554.05, 308.67, 543.47, 308.67, 531.6, 308.67, 520.23, 308.67, 508.86, 308.67, 497.5, 308.67, 486.13, 323.61, 486.13, 323.61, 474.27]]|39117.86953253113
PMC3168849_00000.jpg|388341|601|792|3791263|text|1|0|308.67|649.76|548.9|743.4|240.23|93.64|22495.1372|[[323.61, 649.76, 548.88, 649.76, 548.88, 660.34, 548.88, 660.34, 548.88, 673.49, 548.88, 673.49, 548.88, 684.07, 548.84, 684.07, 548.84, 697.21, 548.88, 697.21, 548.88, 707.79, 548.82, 707.79, 548.82, 720.95, 548.89, 720.95, 548.89, 731.53, 548.85, 731.53, 548.85, 743.4, 308.67, 743.4, 308.67, 732.82, 308.67, 720.95, 308.67, 709.08, 308.67, 697.21, 308.67, 685.35, 308.67, 673.49, 308.67, 661.62, 323.61, 661.62, 323.61, 649.76]]|22314.98144524824
PMC3168849_00000.jpg|388341|601|792|3791264|text|1|0|86.7|287.33|228.9|296.85|142.2|9.52|1353.744|[[86.7, 287.33, 228.9, 287.33, 228.9, 296.85, 86.7, 296.85, 86.7, 287.33]]|1354.0727907774708
PMC3168849_00000.jpg|388341|601|792|3791265|text|1|0|86.85|305.67|549.34|336.11|462.49|30.44|14078.1956|[[86.85, 305.67, 549.34, 305.67, 549.34, 315.2, 549.33, 315.2, 549.33, 325.65, 138.93, 325.65, 138.93, 336.11, 86.85, 336.11, 86.85, 326.59, 86.85, 326.59, 86.85, 316.13, 86.85, 305.67]]|9785.412400957195
PMC3168849_00000.jpg|388341|601|792|3791266|text|1|0|87.09|230.38|472.01|239.9|384.92|9.52|3664.4384|[[87.09, 230.38, 472.01, 230.38, 472.01, 239.9, 87.09, 239.9, 87.09, 230.38]]|3665.342328561528
PMC3168849_00000.jpg|388341|601|792|3791267|text|1|0|86.64|207.22|277.87|220.1|191.23|12.88|2463.0424|[[86.64, 207.22, 277.87, 207.22, 277.87, 220.1, 86.64, 220.1, 86.64, 207.22]]|2462.1808535021264
PMC3168849_00000.jpg|388341|601|792|3791268|title|2|0|50.73|157.44|536.45|176.75|485.72|19.31|9379.2532|[[50.73, 157.44, 536.46, 157.44, 536.46, 176.75, 50.73, 176.75, 50.73, 157.44]]|9381.061370219555
PMC3168849_00000.jpg|388341|601|792|3791269|title|2|0|50.73|472.44|128.15|485.32|77.42|12.88|997.1696|[[50.73, 472.44, 128.15, 472.44, 128.15, 485.32, 50.73, 485.32, 50.73, 472.44]]|996.7864921345754
PMC3168849_00000.jpg|388341|601|792|4198579|text|1|0|86.64|249.62|396.87|259.14|310.23|9.52|2953.3896|[[86.64, 249.62, 396.87, 249.62, 396.87, 259.14, 86.64, 259.14, 86.64, 249.62]]|2953.389599999995
PMC3168849_00000.jpg|388341|601|792|4198580|text|1|0|86.7|268.99|249.02|278.51|162.32|9.52|1545.2864|[[86.7, 268.99, 249.02, 268.99, 249.02, 278.51, 86.7, 278.51, 86.7, 268.99]]|1545.2863999999972
PMC4274707_00002.jpg|388644|601|792|3794184|text|1|0|50.58|579.81|290.73|672.8199999999999|240.15|93.01|22336.3515|[[50.58, 579.81, 290.68, 579.81, 290.68, 591.18, 290.73, 591.18, 290.73, 604.62, 290.71, 604.62, 290.71, 615.98, 290.68, 615.98, 290.68, 625.28, 290.72, 625.28, 290.72, 638.72, 290.66, 638.72, 290.66, 648.01, 290.7, 648.01, 290.7, 661.45, 269.16, 661.45, 269.16, 672.82, 50.58, 672.82, 50.58, 659.38, 50.58, 648.01, 50.58, 636.65, 50.58, 625.28, 50.58, 613.91, 50.58, 602.54, 50.58, 591.18, 50.58, 591.18, 50.58, 579.81]]|22088.99075929215
PMC4274707_00002.jpg|388644|601|792|3794185|text|1|0|308.61|579.81|548.74|656.06|240.13|76.25|18309.9125|[[308.61, 579.81, 548.72, 579.81, 548.72, 592.67, 548.73, 592.67, 548.73, 606.11, 548.66, 606.11, 548.66, 617.9, 548.74, 617.9, 548.74, 631.34, 548.73, 631.34, 548.73, 643.69, 463.11, 643.69, 463.11, 656.06, 308.61, 656.06, 308.61, 642.62, 308.61, 630.25, 308.61, 617.9, 308.61, 606.11, 308.61, 606.11, 308.61, 592.67, 308.61, 579.81]]|17249.397622297984
PMC4274707_00002.jpg|388644|601|792|3794186|text|1|0|50.58|718.3|290.71|743.1099999999999|240.13|24.81|5957.6253|[[50.58, 718.3, 290.66, 718.3, 290.66, 729.67, 290.71, 729.67, 290.71, 743.11, 50.58, 743.11, 50.58, 729.67, 50.58, 718.3]]|5956.290909121861
PMC4274707_00002.jpg|388644|601|792|3794187|text|1|0|308.61|656.97|548.73|744.09|240.12|87.12|20919.2544|[[323.56, 656.97, 548.7, 656.97, 548.7, 670.41, 548.7, 670.41, 548.7, 681.2, 548.73, 681.2, 548.73, 694.64, 548.7, 694.64, 548.7, 706.43, 548.72, 706.43, 548.72, 719.87, 548.7, 719.87, 548.7, 731.74, 548.7, 731.74, 548.7, 744.1, 308.61, 744.1, 308.61, 731.74, 308.61, 731.74, 308.61, 718.3, 308.61, 706.51, 308.61, 706.51, 308.61, 693.07, 308.61, 693.07, 308.61, 681.2, 308.61, 668.85, 323.56, 668.85, 323.56, 656.97]]|20740.28804845875
PMC4274707_00002.jpg|388644|601|792|3794188|text|1|0|185.51|70.61|413.79|82.71|228.28|12.1|2762.188|[[185.51, 70.61, 413.79, 70.61, 413.79, 82.71, 185.51, 82.71, 185.51, 70.61]]|2761.1794138953846
PMC4274707_00002.jpg|388644|601|792|3794189|text|1|0|50.58|350.38|548.75|372.93|498.17|22.55|11233.7335|[[50.58, 350.38, 548.75, 350.38, 548.75, 362.47, 123.95, 362.47, 123.95, 372.93, 50.58, 372.93, 50.58, 360.83, 50.58, 350.38]]|6793.076392764808
PMC4274707_00002.jpg|388644|601|792|3794190|text|1|0|50.58|297.22|548.72|326.90000000000003|498.14|29.68|14784.7952|[[50.58, 297.22, 548.72, 297.22, 548.72, 307.97, 548.67, 307.97, 548.67, 317.44, 147.64, 317.44, 147.64, 326.9, 50.58, 326.9, 50.58, 317.44, 50.58, 317.44, 50.58, 307.97, 50.58, 307.97, 50.58, 297.22]]|10989.60496346769
PMC4274707_00002.jpg|388644|601|792|3794191|text|1|0|50.58|528.24|548.71|548.84|498.13|20.6|10261.478|[[50.58, 528.24, 548.71, 528.24, 548.71, 539.37, 232.64, 539.37, 232.64, 548.84, 50.58, 548.84, 50.58, 539.37, 50.58, 539.37, 50.58, 528.24]]|7266.594205985893
PMC4274707_00002.jpg|388644|601|792|3794192|table|4|0|50.58|88.61|548.72|296.22|498.14|207.61|103418.8454|[[50.58, 88.61, 548.72, 88.61, 548.72, 296.23, 50.58, 296.23, 50.58, 88.61]]|103421.46951191656
PMC4274707_00002.jpg|388644|601|792|3794193|table|4|0|50.58|376.65|548.72|527.63|498.14|150.98|75209.17719999999|[[50.58, 376.65, 548.72, 376.65, 548.72, 527.63, 50.58, 527.63, 50.58, 376.65]]|75208.55267409113
PMC4274707_00002.jpg|388644|601|792|3794194|title|2|0|50.58|699.23|117.71|712.11|67.13|12.88|864.6344|[[50.58, 699.23, 117.71, 699.23, 117.71, 712.11, 50.58, 712.11, 50.58, 699.23]]|864.3608606589551
PMC4449961_00003.jpg|389474|596|794|3802431|text|1|0|56.69|112.52|290.64|303.43|233.95|190.91|44663.3945|[[56.69, 112.52, 290.52, 112.52, 290.52, 123.44, 290.51, 123.44, 290.51, 136.5, 290.55, 136.5, 290.55, 147.42, 290.49, 147.42, 290.49, 160.54, 290.6, 160.54, 290.6, 171.45, 290.51, 171.45, 290.51, 184.52, 290.52, 184.52, 290.52, 196.54, 290.53, 196.54, 290.53, 208.5, 290.65, 208.5, 290.65, 219.41, 290.55, 219.41, 290.55, 232.54, 290.59, 232.54, 290.59, 244.5, 290.62, 244.5, 290.62, 255.41, 290.55, 255.41, 290.55, 267.43, 290.53, 267.43, 290.53, 280.5, 290.6, 280.5, 290.6, 291.41, 223.81, 291.41, 223.81, 303.43, 56.69, 303.43, 56.69, 292.51, 56.69, 280.5, 56.69, 268.53, 56.69, 256.52, 56.69, 244.5, 56.69, 232.54, 56.69, 220.52, 56.69, 208.5, 56.69, 196.54, 56.69, 184.52, 56.69, 172.5, 56.69, 160.54, 56.69, 148.52, 56.69, 136.5, 56.69, 124.54, 56.69, 112.52]]|43844.19847507379
PMC4449961_00003.jpg|389474|596|794|3802432|text|1|0|304.72|88.54|538.69|363.41|233.97|274.87|64311.3339|[[304.72, 88.54, 538.65, 88.54, 538.65, 99.45, 538.58, 99.45, 538.58, 111.42, 538.55, 111.42, 538.55, 124.54, 538.58, 124.54, 538.58, 135.45, 538.55, 135.45, 538.55, 148.52, 538.64, 148.52, 538.64, 159.43, 538.57, 159.43, 538.57, 172.5, 538.57, 172.5, 538.57, 183.41, 538.56, 183.41, 538.56, 195.43, 538.56, 195.43, 538.56, 208.5, 538.66, 208.5, 538.66, 219.41, 538.58, 219.41, 538.58, 231.43, 538.52, 231.43, 538.52, 244.5, 538.68, 244.5, 538.68, 255.41, 538.63, 255.41, 538.63, 267.43, 538.61, 267.43, 538.61, 280.49, 538.63, 280.49, 538.63, 292.51, 538.7, 292.51, 538.7, 303.43, 538.56, 303.43, 538.56, 315.45, 538.54, 315.45, 538.54, 328.51, 538.61, 328.51, 538.61, 339.43, 538.56, 339.43, 538.56, 351.45, 458.51, 351.45, 458.51, 363.41, 304.72, 363.41, 304.72, 352.49, 304.72, 340.53, 304.72, 328.51, 304.72, 316.49, 304.72, 304.53, 304.72, 292.51, 304.72, 280.49, 304.72, 268.53, 304.72, 256.51, 304.72, 244.5, 304.72, 232.53, 304.72, 220.51, 304.72, 208.5, 304.72, 196.53, 304.72, 184.52, 304.72, 172.5, 304.72, 160.54, 304.72, 148.52, 304.72, 136.5, 304.72, 124.54, 304.72, 112.52, 304.72, 100.5, 304.72, 88.54]]|63325.74566997728
PMC4449961_00003.jpg|389474|596|794|3802433|text|1|0|56.69|328.27|290.63|423.45|233.94|95.18|22266.4092|[[56.69, 328.27, 290.55, 328.27, 290.55, 340.54, 290.63, 340.54, 290.63, 351.46, 290.62, 351.46, 290.62, 363.42, 290.51, 363.42, 290.51, 376.54, 290.55, 376.54, 290.55, 388.5, 290.61, 388.5, 290.61, 399.42, 290.55, 399.42, 290.55, 412.54, 290.61, 412.54, 290.61, 423.45, 56.69, 423.45, 56.69, 412.54, 56.69, 400.52, 56.69, 388.5, 56.69, 376.54, 56.69, 364.52, 56.69, 352.5, 56.69, 339.44, 56.69, 339.44, 56.69, 328.27]]|22260.854009683128
PMC4449961_00003.jpg|389474|596|794|3802434|text|1|0|304.72|388.24|538.61|423.45|233.89|35.21|8235.2669|[[304.72, 388.24, 538.58, 388.24, 538.58, 399.42, 538.56, 399.42, 538.56, 412.54, 538.62, 412.54, 538.62, 423.45, 304.73, 423.45, 304.73, 411.44, 304.73, 411.44, 304.73, 399.42, 304.72, 399.42, 304.72, 388.24]]|8234.747277891496
PMC4449961_00003.jpg|389474|596|794|3802435|text|1|0|56.69|442.3|194.4|452.49|137.71|10.19|1403.2649|[[56.69, 442.3, 194.41, 442.3, 194.41, 452.49, 56.69, 452.49, 56.69, 442.3]]|1402.9071280042408
PMC4449961_00003.jpg|389474|596|794|3802436|table|4|0|56.69|454.58|538.5799999999999|733.06|481.89|278.48|134196.7272|[[56.69, 454.58, 538.58, 454.58, 538.58, 733.05, 56.69, 733.05, 56.69, 454.58]]|134194.6038286601
PMC4449961_00003.jpg|389474|596|794|3802437|title|2|0|56.69|87.43|288.07|111.19|231.38|23.76|5497.5888|[[56.69, 87.43, 288.07, 87.43, 288.07, 99.23, 147.21, 99.23, 147.21, 111.19, 56.69, 111.19, 56.69, 99.4, 56.69, 87.43]]|3811.517200865339
PMC4449961_00003.jpg|389474|596|794|3802438|title|2|0|56.69|315.03|146.39999999999998|327.19|89.71|12.16|1090.8736|[[56.69, 315.03, 146.4, 315.03, 146.4, 327.19, 56.69, 327.19, 56.69, 315.03]]|1090.867515457794
PMC4449961_00003.jpg|389474|596|794|3802439|title|2|0|304.72|375.08|401.89|387.23|97.17|12.15|1180.6155|[[304.72, 375.08, 401.9, 375.08, 401.9, 387.23, 304.72, 387.23, 304.72, 375.08]]|1180.5474094147212
PMC5874679_00013.jpg|395321|596|842|3855055|text|1|0|76.53|88.55|518.73|114.27|442.2|25.72|11373.384|[[76.53, 88.55, 518.74, 88.55, 518.74, 100.77, 267.81, 100.77, 267.81, 114.28, 76.53, 114.28, 76.53, 102.06, 76.53, 88.55]]|7985.233785959965
PMC5874679_00013.jpg|395321|596|842|3855056|text|1|0|76.23|115.57|520.49|276.39|444.26|160.82|71445.89319999999|[[97.8, 115.57, 519.04, 115.57, 519.04, 127.79, 518.74, 127.79, 518.74, 142.35, 519.39, 142.35, 519.39, 154.81, 518.74, 154.81, 518.74, 169.38, 518.74, 169.38, 518.74, 181.82, 518.74, 181.82, 518.74, 196.63, 520.48, 196.63, 520.48, 208.84, 518.74, 208.84, 518.74, 222.35, 518.74, 222.35, 518.74, 235.86, 518.74, 235.86, 518.74, 250.67, 519.13, 250.67, 519.13, 262.88, 229.74, 262.88, 229.74, 276.39, 76.53, 276.39, 76.53, 264.18, 76.53, 250.67, 76.53, 237.16, 76.53, 222.35, 76.23, 222.35, 76.23, 210.14, 76.23, 196.63, 76.53, 196.63, 76.53, 183.12, 76.53, 168.31, 76.24, 168.31, 76.24, 155.27, 76.53, 155.27, 76.53, 142.35, 76.53, 129.08, 97.8, 129.08, 97.8, 115.57]]|66972.66477482812
PMC5874679_00013.jpg|395321|596|842|3855057|text|1|0|76.12|277.69|519.14|519.56|443.02|241.87|107153.2474|[[97.8, 277.69, 519.13, 277.69, 519.13, 289.9, 518.74, 289.9, 518.74, 303.41, 518.74, 303.41, 518.74, 318.21, 518.74, 318.21, 518.74, 331.72, 518.94, 331.72, 518.94, 343.94, 518.74, 343.94, 518.74, 357.45, 518.74, 357.45, 518.74, 370.96, 518.24, 370.96, 518.24, 385.76, 518.99, 385.76, 518.99, 397.97, 518.74, 397.97, 518.74, 412.62, 518.74, 412.62, 518.74, 424.99, 518.74, 424.99, 518.74, 438.5, 518.74, 438.5, 518.74, 452.01, 518.74, 465.52, 518.74, 465.52, 518.74, 480.33, 518.74, 480.33, 518.74, 492.54, 518.74, 492.54, 518.74, 506.05, 480.71, 506.05, 480.71, 519.56, 76.12, 519.56, 76.12, 507.35, 76.53, 507.35, 76.53, 493.84, 76.53, 480.33, 76.53, 466.82, 76.53, 453.31, 76.53, 439.8, 76.53, 424.99, 76.24, 424.99, 76.24, 412.62, 76.53, 412.62, 76.53, 399.11, 76.53, 385.76, 76.53, 371.77, 76.53, 358.74, 76.53, 345.23, 76.53, 330.43, 76.24, 330.43, 76.24, 318.21, 76.53, 318.21, 76.53, 303.41, 76.24, 303.41, 76.24, 290.97, 97.8, 290.97, 97.8, 277.69]]|106180.72690638852
PMC5874679_00013.jpg|395321|596|842|3855058|text|1|0|76.12|520.85|519.74|762.72|443.62|241.87|107298.3694|[[97.8, 520.85, 518.74, 520.85, 518.74, 534.36, 518.74, 534.36, 518.74, 546.58, 518.74, 546.58, 518.74, 561.2, 518.74, 561.2, 518.74, 573.6, 518.74, 573.6, 518.74, 587.11, 518.74, 587.11, 518.74, 601.91, 519.74, 601.91, 519.74, 614.12, 518.74, 614.12, 518.74, 627.63, 518.74, 627.63, 518.74, 642.44, 518.74, 642.44, 518.74, 655.14, 519.05, 655.14, 519.05, 668.16, 518.74, 668.16, 518.74, 681.67, 518.74, 681.67, 518.74, 696.48, 518.74, 696.48, 518.74, 709.99, 518.74, 709.99, 518.74, 722.2, 518.74, 722.2, 518.74, 737.0, 518.74, 737.0, 518.74, 750.51, 519.12, 750.51, 519.12, 762.73, 76.53, 762.73, 76.53, 749.22, 76.12, 749.22, 76.12, 737.0, 76.12, 723.5, 76.53, 723.5, 76.53, 709.99, 76.53, 695.18, 76.12, 695.18, 76.12, 682.97, 76.53, 682.97, 76.53, 669.46, 76.53, 655.14, 76.53, 642.44, 76.53, 628.93, 76.53, 615.42, 76.53, 601.91, 76.53, 587.11, 76.24, 587.11, 76.24, 574.63, 76.53, 574.63, 76.53, 561.2, 76.53, 547.87, 76.53, 534.36, 97.8, 534.36, 97.8, 520.85]]|106711.18489686864
PMC5306068_00002.jpg|401432|596|791|3913061|list|3|0|51.02|56.73|291.65|530.39|240.63|473.66|113976.8058|[[68.03, 56.73, 289.12, 56.73, 289.12, 67.89, 160.8, 67.89, 160.8, 81.73, 291.64, 81.73, 291.64, 92.89, 291.64, 92.89, 291.64, 105.39, 291.61, 105.39, 291.61, 117.89, 289.13, 117.89, 289.13, 130.39, 128.98, 130.39, 128.98, 144.23, 291.61, 144.23, 291.61, 156.73, 291.63, 156.73, 291.63, 169.23, 291.63, 169.23, 291.63, 180.39, 289.12, 180.39, 289.12, 194.23, 289.14, 194.23, 289.14, 205.39, 289.13, 205.39, 289.13, 217.89, 141.35, 217.89, 141.35, 231.73, 289.1, 231.73, 289.1, 244.23, 291.62, 244.23, 291.62, 256.73, 291.62, 256.73, 291.62, 269.23, 291.63, 269.23, 291.63, 281.73, 291.65, 281.73, 291.65, 292.89, 250.32, 292.89, 250.32, 306.73, 291.64, 306.73, 291.64, 317.89, 289.13, 317.89, 289.13, 330.39, 289.13, 330.39, 289.13, 344.23, 289.14, 344.23, 289.14, 356.73, 291.65, 356.73, 291.65, 367.89, 289.13, 367.89, 289.13, 381.73, 291.63, 381.73, 291.63, 392.89, 194.79, 392.89, 194.79, 406.73, 291.61, 406.73, 291.61, 419.23, 291.63, 419.23, 291.63, 430.39, 291.61, 430.39, 291.61, 442.89, 289.14, 442.89, 289.14, 455.39, 289.13, 455.39, 289.13, 469.23, 291.64, 469.23, 291.64, 480.39, 291.61, 480.39, 291.61, 494.23, 291.61, 494.23, 291.61, 505.39, 289.12, 505.39, 289.12, 517.89, 89.42, 517.89, 89.42, 530.39, 68.03, 530.39, 68.03, 519.23, 68.03, 506.73, 68.03, 494.23, 68.03, 481.73, 68.03, 469.23, 68.03, 456.73, 68.03, 444.23, 68.03, 431.73, 68.03, 417.89, 51.02, 417.89, 51.02, 406.73, 68.03, 406.73, 68.03, 394.23, 68.03, 381.73, 68.03, 369.23, 68.03, 356.73, 68.03, 344.23, 68.03, 344.23, 68.03, 331.73, 68.03, 317.89, 51.02, 317.89, 51.02, 306.73, 68.03, 306.73, 68.03, 294.23, 68.03, 281.73, 68.03, 269.23, 68.03, 256.73, 68.03, 242.89, 51.02, 242.89, 51.02, 231.73, 68.03, 231.73, 68.03, 219.23, 68.03, 206.73, 68.03, 194.23, 68.03, 181.73, 68.03, 169.23, 68.03, 155.39, 51.02, 155.39, 51.02, 144.23, 68.03, 144.23, 68.03, 131.73, 68.03, 119.23, 68.03, 106.73, 68.03, 92.89, 51.02, 92.89, 51.02, 81.73, 68.03, 81.73, 68.03, 69.23, 68.03, 56.73]]|95864.17067170936
PMC5306068_00002.jpg|401432|596|791|3913062|list|3|0|306.14|56.73|546.77|592.89|240.63|536.16|129016.1808|[[323.15, 56.73, 546.75, 56.73, 546.75, 69.23, 546.76, 69.23, 546.76, 80.39, 546.74, 80.39, 546.74, 94.23, 546.77, 94.23, 546.77, 105.39, 546.77, 117.89, 544.24, 117.89, 544.24, 130.39, 544.22, 130.39, 544.22, 142.89, 421.9, 142.89, 421.9, 156.73, 546.72, 156.73, 546.72, 167.89, 544.22, 167.89, 544.22, 181.73, 546.77, 181.73, 546.77, 192.89, 546.74, 192.89, 546.74, 205.39, 546.72, 205.39, 546.72, 217.89, 544.25, 217.89, 544.25, 230.39, 544.23, 230.39, 544.23, 244.23, 546.73, 244.23, 546.73, 256.73, 546.74, 256.73, 546.74, 267.89, 546.74, 281.73, 546.76, 281.73, 546.76, 292.89, 546.76, 305.39, 391.06, 305.39, 391.06, 319.23, 546.76, 319.23, 546.76, 330.39, 546.74, 330.39, 546.74, 344.23, 546.77, 344.23, 546.77, 355.39, 546.77, 367.89, 544.28, 367.89, 544.28, 380.39, 544.25, 380.39, 544.25, 392.89, 455.8, 392.89, 455.8, 406.73, 546.75, 406.73, 546.75, 419.23, 546.75, 419.23, 546.75, 431.73, 546.75, 431.73, 546.75, 442.89, 546.75, 442.89, 546.75, 456.73, 546.77, 456.73, 546.77, 467.89, 546.72, 467.89, 546.72, 480.39, 338.98, 480.39, 338.98, 494.23, 546.74, 494.23, 546.74, 506.73, 546.76, 506.73, 546.76, 517.89, 449.37, 517.89, 449.37, 531.73, 546.73, 531.73, 546.73, 544.23, 546.76, 544.23, 546.76, 556.73, 546.77, 556.73, 546.77, 567.89, 546.74, 567.89, 546.74, 580.39, 393.54, 580.39, 393.54, 592.89, 323.15, 592.89, 323.15, 581.73, 323.15, 569.23, 323.15, 556.73, 323.15, 542.89, 306.14, 542.89, 306.14, 531.73, 323.15, 531.73, 323.15, 519.23, 323.15, 505.39, 306.14, 505.39, 306.14, 494.23, 323.15, 494.23, 323.15, 481.73, 323.15, 469.23, 323.15, 456.73, 323.15, 444.23, 323.15, 431.73, 323.15, 417.89, 306.14, 417.89, 306.14, 406.73, 323.15, 406.73, 323.15, 394.23, 323.15, 381.73, 323.15, 369.23, 323.15, 356.73, 323.15, 344.23, 323.15, 330.39, 306.14, 330.39, 306.14, 319.23, 344.69, 319.23, 344.69, 306.73, 344.69, 294.23, 344.69, 281.73, 344.69, 269.23, 344.69, 256.73, 344.69, 244.23, 344.69, 231.73, 344.69, 219.23, 344.69, 206.73, 344.69, 194.23, 344.69, 181.73, 344.69, 167.89, 323.15, 167.89, 323.15, 156.73, 344.69, 156.73, 344.69, 144.23, 344.69, 131.73, 344.69, 119.23, 344.69, 106.73, 344.69, 94.23, 344.69, 81.73, 344.69, 67.89, 323.15, 67.89, 323.15, 56.73]]|103964.96454661152
PMC5306068_00002.jpg|401432|596|791|3913063|list|3|0|51.02|569.23|291.65|717.89|240.63|148.66|35772.0558|[[51.02, 569.23, 289.12, 569.23, 289.12, 581.73, 291.65, 581.73, 291.65, 592.89, 291.6, 592.89, 291.6, 606.73, 291.64, 606.73, 291.64, 617.89, 291.64, 617.89, 291.64, 630.39, 121.64, 630.39, 121.64, 644.23, 291.64, 644.23, 291.64, 655.39, 289.13, 655.39, 289.13, 669.23, 289.15, 669.23, 289.15, 681.73, 291.64, 681.73, 291.64, 692.89, 291.62, 692.89, 291.62, 705.39, 228.79, 705.39, 228.79, 717.89, 110.02, 717.89, 110.02, 706.73, 110.02, 694.23, 110.02, 681.73, 110.02, 669.23, 110.02, 655.39, 88.48, 655.39, 88.48, 642.89, 68.03, 642.89, 68.03, 631.73, 68.03, 619.23, 68.03, 606.73, 68.03, 594.23, 68.03, 580.39, 51.02, 580.39, 51.02, 569.23]]|27315.051178049296
PMC5306068_00002.jpg|401432|596|791|3913064|list|3|0|306.14|631.73|546.76|717.89|240.62|86.16|20731.8192|[[306.14, 631.73, 546.75, 631.73, 546.75, 642.89, 546.74, 642.89, 546.74, 655.39, 544.27, 655.39, 544.27, 669.23, 546.75, 669.23, 546.75, 680.39, 546.73, 680.39, 546.73, 694.23, 546.74, 694.23, 546.74, 706.73, 546.76, 706.73, 546.76, 717.89, 323.15, 717.89, 323.15, 706.73, 323.15, 694.23, 323.15, 681.73, 323.15, 669.23, 323.15, 656.73, 323.15, 642.89, 306.14, 642.89, 306.14, 631.73]]|19420.465175432157
PMC5306068_00002.jpg|401432|596|791|3913065|title|2|0|51.02|543.86|285.84|555.39|234.82|11.53|2707.4746|[[51.02, 543.86, 285.84, 543.86, 285.84, 555.39, 51.02, 555.39, 51.02, 543.86]]|2707.4515399124066
PMC5306068_00002.jpg|401432|596|791|3913066|title|2|0|306.14|606.36|402.06|617.89|95.92|11.53|1105.9576|[[306.14, 606.36, 402.06, 606.36, 402.06, 617.89, 306.14, 617.89, 306.14, 606.36]]|1105.9576000000816
PMC3572655_00006.jpg|402240|601|792|3920947|text|1|0|50.58|419.72|290.69|502.78|240.11|83.06|19943.536600000003|[[50.58, 419.72, 290.69, 419.72, 290.69, 434.57, 290.67, 434.57, 290.67, 443.87, 290.68, 443.87, 290.68, 457.3, 290.61, 457.3, 290.61, 466.61, 290.68, 466.61, 290.68, 477.98, 290.68, 477.98, 290.68, 489.34, 290.68, 489.34, 290.68, 502.78, 50.58, 502.78, 50.58, 489.34, 50.58, 477.98, 50.58, 477.98, 50.58, 466.61, 50.58, 455.23, 50.58, 443.87, 50.58, 434.57, 50.58, 434.57, 50.58, 419.72]]|19942.384313738672
PMC3572655_00006.jpg|402240|601|792|3920948|text|1|0|50.58|544.5|290.73|697.64|240.15|153.14|36776.571|[[50.58, 544.5, 290.64, 544.5, 290.64, 556.17, 290.69, 556.17, 290.69, 569.61, 290.68, 569.61, 290.68, 579.5, 290.7, 579.5, 290.7, 592.94, 290.7, 592.94, 290.7, 604.61, 290.67, 604.61, 290.67, 616.27, 290.65, 616.27, 290.65, 626.17, 290.73, 626.17, 290.73, 639.61, 290.68, 639.61, 290.68, 649.5, 290.69, 649.5, 290.69, 661.17, 290.71, 661.17, 290.71, 674.61, 290.68, 674.61, 290.68, 686.28, 145.06, 686.28, 145.06, 697.64, 50.58, 697.64, 50.58, 684.2, 50.58, 672.84, 50.58, 661.17, 50.58, 649.5, 50.58, 637.83, 50.58, 626.17, 50.58, 614.51, 50.58, 602.83, 50.58, 591.17, 50.58, 579.5, 50.58, 567.84, 50.58, 556.17, 50.58, 544.5]]|35114.46672617784
PMC3572655_00006.jpg|402240|601|792|3920949|text|1|0|308.61|421.14|548.8|616.47|240.19|195.33|46916.3127|[[308.61, 421.14, 548.7, 421.14, 548.7, 432.5, 548.79, 432.5, 548.79, 445.94, 548.75, 445.94, 548.75, 457.31, 548.7, 457.31, 548.7, 466.61, 548.71, 466.61, 548.71, 477.98, 548.73, 477.98, 548.73, 491.42, 548.65, 491.42, 548.65, 500.72, 548.75, 500.72, 548.75, 514.16, 548.75, 514.16, 548.75, 525.52, 548.72, 525.52, 548.72, 534.82, 548.74, 534.82, 548.74, 548.26, 548.73, 548.26, 548.73, 559.62, 548.71, 559.62, 548.71, 568.92, 548.72, 568.92, 548.72, 580.29, 548.8, 580.29, 548.8, 593.73, 548.74, 593.73, 548.74, 605.09, 529.83, 605.09, 529.83, 616.46, 308.61, 616.46, 308.61, 603.02, 308.61, 591.65, 308.61, 580.29, 308.61, 568.92, 308.61, 557.55, 308.61, 546.19, 308.61, 534.82, 308.61, 523.45, 308.61, 512.08, 308.61, 500.72, 308.61, 489.35, 308.61, 477.98, 308.61, 468.68, 308.61, 468.68, 308.61, 455.24, 308.61, 443.87, 308.61, 432.5, 308.61, 421.14]]|46687.67020600755
PMC3572655_00006.jpg|402240|601|792|3920950|text|1|0|50.58|695.57|290.73|743.11|240.15|47.54|11416.731|[[65.52, 695.57, 290.67, 695.57, 290.67, 706.94, 290.73, 706.94, 290.73, 720.38, 290.66, 720.38, 290.66, 729.67, 290.68, 729.67, 290.68, 743.11, 50.58, 743.11, 50.58, 729.67, 50.58, 718.31, 50.58, 706.94, 65.52, 706.94, 65.52, 695.57]]|11245.11255751981
PMC3572655_00006.jpg|402240|601|792|3920951|text|1|0|308.61|650.1|548.75|743.11|240.14|93.01|22335.4214|[[308.61, 650.1, 548.75, 650.1, 548.75, 663.54, 548.71, 663.54, 548.71, 672.83, 548.71, 672.83, 548.71, 686.27, 548.69, 686.27, 548.69, 695.57, 548.75, 695.57, 548.75, 709.01, 548.71, 709.01, 548.71, 720.38, 548.71, 720.38, 548.71, 731.74, 548.69, 731.74, 548.69, 743.11, 308.61, 743.11, 308.61, 729.67, 308.61, 718.3, 308.61, 706.94, 308.61, 695.57, 308.61, 684.2, 308.61, 672.83, 308.61, 661.47, 308.61, 650.1]]|22332.724263696466
PMC3572655_00006.jpg|402240|601|792|3920952|text|1|0|50.58|364.12|548.71|397.14|498.13|33.02|16448.2526|[[50.58, 364.12, 548.64, 364.12, 548.64, 373.64, 548.71, 373.64, 548.71, 386.68, 237.57, 386.68, 237.57, 397.14, 50.58, 397.14, 50.58, 385.04, 50.58, 385.04, 50.58, 376.22, 50.58, 376.22, 50.58, 364.12]]|13194.279244102654
PMC3572655_00006.jpg|402240|601|792|3920953|figure|5|0|81.12|73.29|516.3|357.31|435.18|284.02|123599.8236|[[81.12, 73.29, 516.3, 73.29, 516.3, 357.31, 81.12, 357.31, 81.12, 73.29]]|123599.1338738647
PMC3572655_00006.jpg|402240|601|792|3920954|title|2|0|50.58|523.23|238.46|536.11|187.88|12.88|2419.8944|[[50.58, 523.23, 238.46, 523.23, 238.46, 536.11, 50.58, 536.11, 50.58, 523.23]]|2419.0343877313426
PMC3572655_00006.jpg|402240|601|792|3920955|title|2|0|308.61|630.82|383.08|643.7|74.47|12.88|959.1736|[[308.61, 630.82, 383.08, 630.82, 383.08, 643.69, 308.61, 643.69, 308.61, 630.82]]|958.8736326292856
PMC4852357_00005.jpg|407864|601|800|3981937|text|1|0|50.58|556.69|290.7|581.5|240.12|24.81|5957.3772|[[50.58, 556.69, 290.7, 556.69, 290.7, 570.13, 269.71, 570.13, 269.71, 581.5, 50.58, 581.5, 50.58, 568.06, 50.58, 556.69]]|5718.008589958306
PMC4852357_00005.jpg|407864|601|800|3981938|text|1|0|50.58|615.97|290.7|686.25|240.12|70.28|16875.6336|[[50.58, 615.97, 290.67, 615.97, 290.67, 627.34, 290.7, 627.34, 290.7, 640.78, 290.65, 640.78, 290.65, 650.08, 290.7, 650.08, 290.7, 661.44, 290.7, 661.44, 290.7, 674.88, 264.23, 674.88, 264.23, 686.25, 50.58, 686.25, 50.58, 672.81, 50.58, 661.44, 50.58, 650.08, 50.58, 638.71, 50.58, 627.34, 50.58, 615.97]]|16572.940751928836
PMC4852357_00005.jpg|407864|601|800|3981939|text|1|0|308.61|556.68|548.74|672.4399999999999|240.13|115.76|27797.4488|[[308.61, 556.68, 548.71, 556.68, 548.71, 568.06, 548.72, 568.06, 548.72, 581.5, 548.71, 581.5, 548.71, 592.87, 548.71, 592.87, 548.71, 602.16, 548.73, 602.16, 548.73, 615.6, 548.72, 615.6, 548.72, 624.9, 548.74, 624.9, 548.74, 638.34, 548.73, 638.34, 548.73, 647.63, 548.74, 647.63, 548.74, 661.07, 514.3, 661.07, 514.3, 672.44, 308.61, 672.44, 308.61, 659.0, 308.61, 647.63, 308.61, 636.27, 308.61, 624.9, 308.61, 613.53, 308.61, 602.16, 308.61, 590.8, 308.61, 579.43, 308.61, 570.13, 308.61, 570.13, 308.61, 556.68]]|27403.323076182976
PMC4852357_00005.jpg|407864|601|800|3981940|text|1|0|50.58|684.18|290.71|743.0899999999999|240.13|58.91|14146.0583|[[65.52, 684.18, 290.69, 684.18, 290.69, 695.54, 290.71, 695.54, 290.71, 708.98, 290.67, 708.98, 290.67, 718.28, 290.68, 718.28, 290.68, 729.65, 290.71, 729.65, 290.71, 743.09, 50.58, 743.09, 50.58, 729.65, 50.58, 718.28, 50.58, 706.91, 50.58, 695.54, 65.52, 695.54, 65.52, 684.18]]|13974.839241061823
PMC4852357_00005.jpg|407864|601|800|3981941|text|1|0|308.61|672.36|548.74|742.64|240.13|70.28|16876.3364|[[323.56, 672.36, 548.74, 672.36, 548.74, 685.8, 548.69, 685.8, 548.69, 695.1, 548.72, 695.1, 548.72, 706.47, 548.73, 706.47, 548.73, 719.91, 548.72, 719.91, 548.72, 731.27, 548.72, 731.27, 548.72, 742.64, 308.61, 742.64, 308.61, 729.2, 308.61, 717.83, 308.61, 706.47, 308.61, 695.1, 308.61, 683.73, 323.56, 683.73, 323.56, 672.36]]|16704.313771345187
PMC4852357_00005.jpg|407864|601|800|3981942|text|1|0|50.58|70.16|548.6800000000001|93.15|498.1|22.99|11451.319|[[50.58, 70.16, 548.68, 70.16, 548.68, 82.68, 173.48, 82.68, 173.48, 93.15, 50.58, 93.15, 50.58, 80.04, 50.58, 80.04, 50.58, 70.16]]|7522.602056757802
PMC4852357_00005.jpg|407864|601|800|3981943|table|4|0|50.58|100.04|548.72|524.48|498.14|424.44|211430.5416|[[50.58, 100.04, 548.72, 100.04, 548.72, 524.49, 50.58, 524.49, 50.58, 100.04]]|211432.6812390912
PMC4852357_00005.jpg|407864|601|800|3981944|title|2|0|50.58|596.9|117.71|609.78|67.13|12.88|864.6344|[[50.58, 596.9, 117.71, 596.9, 117.71, 609.77, 50.58, 609.77, 50.58, 596.9]]|864.3608606589842
PMC4059953_00001.jpg|410989|596|842|4015186|text|1|0|70.95|106.1|296.33|143.56|225.38|37.46|8442.7348|[[70.95, 106.1, 296.33, 106.1, 296.33, 117.6, 296.34, 117.6, 296.34, 132.05, 234.39, 132.05, 234.39, 143.55, 70.95, 143.55, 70.95, 129.1, 70.95, 117.6, 70.95, 106.1]]|7729.297471500089
PMC4059953_00001.jpg|410989|596|842|4015187|text|1|0|70.95|140.6|296.33|212.56|225.38|71.96|16218.3448|[[70.95, 140.6, 293.56, 140.6, 293.56, 152.1, 296.33, 152.1, 296.33, 166.56, 296.32, 166.56, 296.32, 175.1, 296.32, 175.1, 296.32, 186.6, 296.33, 186.6, 296.33, 201.06, 253.34, 201.06, 253.34, 212.56, 70.95, 212.56, 70.95, 198.1, 70.95, 186.6, 70.95, 175.1, 70.95, 163.6, 70.95, 152.1, 70.95, 140.6]]|15691.03172009997
PMC4059953_00001.jpg|410989|596|842|4015188|text|1|0|70.95|209.6|296.34|327.56|225.39|117.96|26587.0044|[[70.95, 209.6, 293.57, 209.6, 293.57, 221.1, 296.33, 221.1, 296.33, 235.56, 296.31, 235.56, 296.31, 244.11, 296.33, 244.11, 296.33, 258.56, 293.57, 258.56, 293.57, 267.11, 296.32, 267.11, 296.32, 281.56, 293.58, 281.56, 293.58, 290.11, 296.34, 290.11, 296.34, 304.56, 296.33, 304.56, 296.33, 316.06, 132.65, 316.06, 132.65, 327.56, 70.95, 327.56, 70.95, 313.11, 70.95, 301.61, 70.95, 290.11, 70.95, 278.61, 70.95, 267.11, 70.95, 255.61, 70.95, 244.11, 70.95, 232.61, 70.95, 221.1, 70.95, 209.6]]|24623.93836484989
PMC4059953_00001.jpg|410989|596|842|4015189|text|1|0|70.95|324.61|296.33|396.57|225.38|71.96|16218.3448|[[70.95, 324.61, 296.33, 324.61, 296.33, 339.06, 296.33, 350.56, 293.59, 350.56, 293.59, 359.11, 296.32, 359.11, 296.32, 373.56, 293.58, 373.56, 293.58, 385.07, 189.08, 385.07, 189.08, 396.57, 70.95, 396.57, 70.95, 382.11, 70.95, 370.61, 70.95, 359.11, 70.95, 347.61, 70.95, 336.11, 70.95, 324.61]]|14928.872437050217
PMC4059953_00001.jpg|410989|596|842|4015190|text|1|0|70.95|416.61|296.33|500.07|225.38|83.46|18810.2148|[[70.95, 416.61, 296.33, 416.61, 296.33, 431.07, 296.31, 431.07, 296.31, 439.61, 296.32, 439.61, 296.32, 451.11, 296.33, 451.11, 296.33, 465.57, 296.31, 465.57, 296.31, 474.11, 296.32, 474.11, 296.32, 488.57, 146.41, 488.57, 146.41, 500.07, 70.95, 500.07, 70.95, 485.62, 70.95, 474.11, 70.95, 462.61, 70.95, 451.11, 70.95, 439.61, 70.95, 428.11, 70.95, 416.61]]|17084.73838500015
PMC4059953_00001.jpg|410989|596|842|4015191|text|1|0|70.95|520.12|296.33|615.08|225.38|94.96|21402.0848|[[70.95, 520.12, 296.32, 520.12, 296.32, 531.62, 296.33, 531.62, 296.33, 546.07, 296.31, 546.07, 296.31, 557.57, 293.58, 557.57, 293.58, 566.12, 296.33, 566.12, 296.33, 580.57, 293.58, 580.57, 293.58, 589.12, 296.33, 589.12, 296.33, 603.57, 132.27, 603.57, 132.27, 615.07, 70.95, 615.07, 70.95, 600.62, 70.95, 589.12, 70.95, 577.62, 70.95, 566.12, 70.95, 554.62, 70.95, 543.12, 70.95, 531.62, 70.95, 520.12]]|19467.31226219982
PMC4059953_00001.jpg|410989|596|842|4015192|text|1|0|70.95|635.12|296.33|684.08|225.38|48.96|11034.6048|[[70.95, 635.12, 296.32, 635.12, 296.32, 646.62, 296.33, 646.62, 296.33, 661.07, 296.31, 661.07, 296.31, 672.57, 238.65, 672.57, 238.65, 684.08, 70.95, 684.08, 70.95, 669.62, 70.95, 658.12, 70.95, 646.62, 70.95, 635.12]]|10369.855829850072
PMC4059953_00001.jpg|410989|596|842|4015193|text|1|0|70.95|681.12|296.31|707.07|225.36|25.95|5848.092000000001|[[70.95, 681.12, 296.31, 681.12, 296.31, 695.58, 173.28, 695.58, 173.28, 707.08, 70.95, 707.08, 70.95, 692.62, 70.95, 681.12]]|4434.270241499937
PMC4059953_00001.jpg|410989|596|842|4015194|text|1|0|318.15|117.62|541.13|166.58|222.98|48.96|10917.1008|[[318.15, 117.62, 541.13, 117.62, 541.13, 132.08, 541.12, 132.08, 541.12, 143.58, 541.12, 143.58, 541.12, 155.08, 460.51, 155.08, 460.51, 166.58, 318.15, 166.58, 318.15, 152.13, 318.15, 140.63, 318.15, 129.13, 318.15, 117.62]]|9988.696228499874
PMC4059953_00001.jpg|410989|596|842|4015195|text|1|0|318.15|244.13|541.14|362.09|222.99|117.96|26303.9004|[[318.15, 244.13, 538.38, 244.13, 538.38, 255.63, 541.14, 255.63, 541.14, 270.08, 538.37, 270.08, 538.37, 278.63, 541.13, 278.63, 541.13, 293.08, 541.12, 293.08, 541.12, 301.63, 541.12, 301.63, 541.12, 316.09, 538.36, 316.09, 538.36, 324.63, 541.12, 324.63, 541.12, 336.13, 541.13, 336.13, 541.13, 350.59, 408.57, 350.59, 408.57, 362.09, 318.15, 362.09, 318.15, 347.63, 318.15, 336.13, 318.15, 324.63, 318.15, 313.13, 318.15, 301.63, 318.15, 290.13, 318.15, 278.63, 318.15, 267.13, 318.15, 255.63, 318.15, 244.13]]|24698.7851170497
PMC4059953_00001.jpg|410989|596|842|4015196|text|1|0|318.15|416.64|541.15|546.1|223.0|129.46|28869.58|[[318.15, 416.64, 541.13, 416.64, 541.13, 428.14, 541.13, 428.14, 541.13, 442.59, 538.37, 442.59, 538.37, 451.14, 541.13, 451.14, 541.13, 462.64, 541.15, 462.64, 541.15, 477.09, 538.38, 477.09, 538.38, 485.64, 541.12, 485.64, 541.12, 500.09, 541.11, 500.09, 541.11, 508.64, 541.12, 508.64, 541.12, 520.14, 541.12, 520.14, 541.12, 534.59, 521.28, 534.59, 521.28, 546.09, 318.15, 546.09, 318.15, 531.64, 318.15, 520.14, 318.15, 508.64, 318.15, 497.14, 318.15, 485.64, 318.15, 474.14, 318.15, 462.64, 318.15, 451.14, 318.15, 439.64, 318.15, 428.14, 318.15, 416.64]]|28590.92854364961
PMC4059953_00001.jpg|410989|596|842|4015197|text|1|0|318.15|589.14|541.14|684.1|222.99|94.96|21175.1304|[[318.15, 589.14, 541.13, 589.14, 541.13, 603.6, 541.12, 603.6, 541.12, 612.14, 541.13, 612.14, 541.13, 626.6, 538.38, 626.6, 538.38, 635.14, 541.14, 635.14, 541.14, 649.6, 541.13, 649.6, 541.13, 661.1, 541.11, 661.1, 541.11, 672.6, 492.66, 672.6, 492.66, 684.1, 318.15, 684.1, 318.15, 669.65, 318.15, 658.14, 318.15, 646.64, 318.15, 635.14, 318.15, 623.64, 318.15, 612.14, 318.15, 600.64, 318.15, 589.14]]|20592.48704535002
PMC4059953_00001.jpg|410989|596|842|4015198|text|1|0|318.15|704.15|541.13|741.6|222.98|37.45|8350.601|[[318.15, 704.15, 541.13, 704.15, 541.13, 718.6, 541.12, 718.6, 541.12, 727.15, 541.12, 727.15, 541.12, 741.6, 318.15, 741.6, 318.15, 727.15, 318.15, 715.65, 318.15, 704.15]]|8351.468545199372
PMC4059953_00001.jpg|410989|596|842|4015199|list|3|0|318.15|106.12|514.8|120.57|196.65|14.45|2841.5925|[[318.15, 106.12, 514.8, 106.12, 514.8, 120.58, 318.15, 120.58, 318.15, 106.12]]|2842.35163740009
PMC4059953_00001.jpg|410989|596|842|4015200|list|3|0|70.95|704.12|296.31|741.57|225.36|37.45|8439.732000000002|[[70.95, 704.12, 281.04, 704.12, 281.04, 715.62, 296.32, 715.62, 296.32, 730.08, 155.87, 730.08, 155.87, 741.58, 70.95, 741.58, 70.95, 727.12, 70.95, 715.62, 70.95, 704.12]]|6650.1850288499845
PMC4059953_00001.jpg|410989|596|842|4015201|list|3|0|318.15|163.63|436.7|201.09|118.55|37.46|4440.883|[[318.15, 163.63, 419.89, 163.63, 419.89, 175.13, 436.7, 175.13, 436.7, 189.58, 399.72, 189.58, 399.72, 201.08, 318.15, 201.08, 318.15, 186.63, 318.15, 175.13, 318.15, 163.63]]|3821.5659899999737
PMC4059953_00001.jpg|410989|596|842|4015202|title|2|0|70.95|406.34|175.67000000000002|419.5|104.72|13.16|1378.1152|[[70.95, 406.34, 175.67, 406.34, 175.67, 419.5, 70.95, 419.5, 70.95, 406.34]]|1377.6963200000027
PMC4059953_00001.jpg|410989|596|842|4015203|title|2|0|70.95|508.34|190.73|523.0699999999999|119.78|14.73|1764.3594|[[70.95, 508.34, 190.73, 508.34, 190.73, 523.07, 70.95, 523.07, 70.95, 508.34]]|1764.2248909999907
PMC4059953_00001.jpg|410989|596|842|4015204|title|2|0|70.95|623.34|153.76|638.07|82.81|14.73|1219.7913|[[70.95, 623.34, 153.76, 623.34, 153.76, 638.07, 70.95, 638.07, 70.95, 623.34]]|1219.6790320000146
PMC4059953_00001.jpg|410989|596|842|4015205|title|2|0|318.15|209.35|541.12|247.08|222.97|37.73|8412.658099999999|[[318.15, 209.35, 541.12, 209.35, 541.12, 220.85, 541.12, 220.85, 541.12, 235.58, 515.96, 235.58, 515.96, 247.08, 318.15, 247.08, 318.15, 232.35, 318.15, 220.85, 318.15, 209.35]]|8123.3091725501
PMC4059953_00001.jpg|410989|596|842|4015206|title|2|0|318.15|370.36|541.12|419.59|222.97|49.23|10976.8131|[[318.15, 370.36, 541.12, 370.36, 541.12, 385.09, 538.37, 385.09, 538.37, 393.36, 541.12, 393.36, 541.12, 408.09, 430.0, 408.09, 430.0, 419.59, 318.15, 419.59, 318.15, 404.86, 318.15, 393.36, 318.15, 381.86, 318.15, 370.36]]|9676.068213900086
PMC4059953_00001.jpg|410989|596|842|4015207|title|2|0|318.15|554.37|541.12|592.1|222.97|37.73|8412.658099999999|[[318.15, 554.37, 541.12, 554.37, 541.12, 569.09, 541.11, 569.09, 541.11, 580.59, 470.94, 580.59, 470.94, 592.1, 318.15, 592.1, 318.15, 577.37, 318.15, 565.87, 318.15, 554.37]]|7605.428500999929
PMC4059953_00001.jpg|410989|596|842|4015208|title|2|0|318.15|692.37|418.68|707.1|100.53|14.73|1480.8069|[[318.15, 692.37, 418.68, 692.37, 418.68, 707.1, 318.15, 707.1, 318.15, 692.37]]|1480.691640999983
PMC4030164_00012.jpg|414444|596|780|4052576|text|1|0|45.22|267.09|291.8|300.09|246.58|33.0|8137.14|[[45.22, 267.09, 291.8, 267.09, 291.8, 277.18, 291.78, 277.18, 291.78, 288.64, 279.68, 288.64, 279.68, 300.1, 45.22, 300.1, 45.22, 290.01, 45.22, 278.55, 45.22, 267.09]]|7998.790588650154
PMC4030164_00012.jpg|414444|596|780|4052577|text|1|0|45.22|301.46|291.85|380.29|246.63|78.83|19441.8429|[[56.68, 301.46, 291.81, 301.46, 291.81, 312.92, 291.82, 312.92, 291.82, 324.38, 291.85, 324.38, 291.85, 334.47, 291.74, 334.47, 291.74, 347.29, 291.81, 347.29, 291.81, 358.75, 291.85, 358.75, 291.85, 368.84, 84.08, 368.84, 84.08, 380.29, 45.22, 380.29, 45.22, 370.21, 45.22, 358.75, 45.22, 347.29, 45.22, 335.83, 45.22, 324.38, 45.22, 312.92, 56.68, 312.92, 56.68, 301.46]]|16927.66071090009
PMC4030164_00012.jpg|414444|596|780|4052578|text|1|0|45.22|405.96|291.8|461.88|246.58|55.92|13788.753600000002|[[45.22, 405.96, 291.8, 405.96, 291.8, 416.05, 291.79, 416.05, 291.79, 427.51, 291.79, 427.51, 291.79, 438.97, 291.78, 438.97, 291.78, 450.42, 211.47, 450.42, 211.47, 461.88, 45.22, 461.88, 45.22, 451.79, 45.22, 440.33, 45.22, 428.88, 45.22, 417.42, 45.22, 405.96]]|12867.163341750158
PMC4030164_00012.jpg|414444|596|780|4052579|text|1|0|45.22|648.24|291.85|681.24|246.63|33.0|8138.79|[[45.22, 648.24, 291.86, 648.24, 291.86, 658.33, 291.8, 658.33, 291.8, 669.79, 79.52, 669.79, 79.52, 681.25, 45.22, 681.25, 45.22, 670.95, 45.22, 659.7, 45.22, 648.24]]|5706.1931953500025
PMC4030164_00012.jpg|414444|596|780|4052580|text|1|0|303.18|258.7|549.71|280.25|246.53|21.55|5312.721500000001|[[303.18, 258.7, 549.71, 258.7, 549.71, 268.79, 532.15, 268.79, 532.15, 280.25, 303.18, 280.25, 303.18, 270.16, 303.18, 258.7]]|5110.487258399953
PMC4030164_00012.jpg|414444|596|780|4052581|text|1|0|45.22|682.61|291.82|715.61|246.6|33.0|8137.8|[[56.68, 682.61, 291.82, 682.61, 291.82, 692.7, 291.82, 692.7, 291.82, 704.16, 291.77, 704.16, 291.77, 715.62, 45.22, 715.62, 45.22, 705.53, 45.22, 694.07, 56.68, 694.07, 56.68, 682.61]]|8006.595498900162
PMC4030164_00012.jpg|414444|596|780|4052582|text|1|0|303.18|281.62|549.86|486.48|246.68|204.86|50534.8648|[[314.64, 281.62, 549.76, 281.62, 549.76, 292.94, 549.76, 292.94, 549.76, 303.16, 549.76, 303.16, 549.76, 315.99, 549.86, 315.99, 549.86, 326.08, 549.77, 326.08, 549.77, 338.9, 549.81, 338.9, 549.81, 350.36, 549.82, 350.36, 549.82, 360.45, 549.76, 360.45, 549.76, 373.27, 549.77, 373.27, 549.77, 383.36, 549.73, 383.36, 549.73, 396.19, 549.78, 396.19, 549.78, 407.65, 549.8, 407.65, 549.8, 417.73, 549.77, 417.73, 549.77, 429.19, 549.74, 429.19, 549.74, 440.65, 549.7, 440.65, 549.7, 453.47, 549.76, 453.47, 549.76, 464.93, 549.78, 464.93, 549.78, 475.02, 381.23, 475.02, 381.23, 486.48, 303.18, 486.48, 303.18, 476.39, 303.18, 464.93, 303.18, 453.47, 303.18, 442.02, 303.18, 430.56, 303.18, 419.1, 303.18, 407.65, 303.18, 396.19, 303.18, 384.73, 303.18, 373.27, 303.18, 361.82, 303.18, 350.36, 303.18, 338.9, 303.18, 338.9, 303.18, 327.45, 303.18, 315.99, 303.18, 304.53, 303.18, 304.53, 303.18, 292.94, 314.64, 292.94, 314.64, 281.62]]|48455.894617458805
PMC4030164_00012.jpg|414444|596|780|4052583|text|1|0|303.18|487.74|549.81|612.5|246.63|124.76|30769.5588|[[314.64, 487.74, 549.77, 487.74, 549.77, 497.93, 549.77, 497.93, 549.77, 509.39, 549.73, 509.39, 549.73, 522.22, 549.74, 522.22, 549.74, 532.3, 549.73, 532.3, 549.73, 545.13, 549.74, 545.13, 549.74, 556.59, 549.74, 556.59, 549.74, 566.68, 549.73, 566.68, 549.73, 579.5, 549.81, 579.5, 549.81, 589.59, 549.73, 589.59, 549.73, 601.05, 435.65, 601.05, 435.65, 612.5, 303.18, 612.5, 303.18, 602.41, 303.18, 590.96, 303.18, 579.5, 303.18, 568.04, 303.18, 556.59, 303.18, 545.13, 303.18, 533.67, 303.18, 522.22, 303.18, 510.76, 303.18, 499.3, 314.64, 499.3, 314.64, 487.74]]|29322.093881136738
PMC4030164_00012.jpg|414444|596|780|4052584|text|1|0|303.18|613.87|549.81|692.7|246.63|78.83|19441.8429|[[314.64, 613.87, 549.79, 613.87, 549.79, 623.96, 549.75, 623.96, 549.75, 635.42, 549.74, 635.42, 549.74, 648.24, 549.77, 648.24, 549.77, 659.7, 549.8, 659.7, 549.8, 671.16, 549.81, 671.16, 549.81, 681.25, 510.71, 681.25, 510.71, 692.7, 303.18, 692.7, 303.18, 682.61, 303.18, 671.16, 303.18, 659.7, 303.18, 648.24, 303.18, 636.79, 303.18, 625.33, 314.64, 625.33, 314.64, 613.87]]|18860.454584550112
PMC4030164_00012.jpg|414444|596|780|4052585|text|1|0|303.18|694.07|549.75|715.62|246.57|21.55|5313.5835|[[314.64, 694.07, 549.71, 694.07, 549.71, 705.53, 549.74, 705.53, 549.74, 715.62, 303.18, 715.62, 303.18, 705.53, 314.64, 705.53, 314.64, 694.07]]|5180.798704949906
PMC4030164_00012.jpg|414444|596|780|4052586|text|1|0|309.3|217.38|529.4100000000001|235.16|220.11|17.78|3913.555800000001|[[309.3, 217.38, 529.41, 217.38, 529.41, 225.7, 356.01, 225.7, 356.01, 235.17, 309.3, 235.17, 309.3, 226.85, 309.3, 217.38]]|2272.72214540001
PMC4030164_00012.jpg|414444|596|780|4052587|text|1|0|45.22|60.53|288.08000000000004|80.9|242.86|20.37|4947.0582|[[45.22, 60.53, 288.08, 60.53, 288.08, 69.44, 150.69, 69.44, 150.69, 80.89, 45.22, 80.89, 45.22, 71.98, 45.22, 60.53]]|3372.2282070000656
PMC4030164_00012.jpg|414444|596|780|4052588|figure|5|0|303.18|62.36|549.8|204.41000000000005|246.62|142.05|35032.37100000001|[[303.18, 62.36, 549.8, 62.36, 549.8, 204.41, 303.18, 204.41, 303.18, 62.36]]|35032.58013600002
PMC4030164_00012.jpg|414444|596|780|4052589|table|4|0|45.22|87.02|291.84000000000003|246.75|246.62|159.73|39392.6126|[[45.22, 87.02, 291.84, 87.02, 291.84, 246.75, 45.22, 246.75, 45.22, 87.02]]|39392.78637599999
PMC4030164_00012.jpg|414444|596|780|4052590|list|3|0|45.22|475.3|291.88|622.87|246.66|147.57|36399.6162|[[45.22, 475.3, 291.88, 475.3, 291.88, 485.39, 291.78, 485.39, 291.78, 498.21, 291.83, 498.21, 291.83, 508.3, 291.79, 508.3, 291.79, 519.76, 128.34, 519.76, 128.34, 532.58, 291.85, 532.58, 291.85, 542.67, 291.8, 542.67, 291.8, 555.5, 291.85, 555.5, 291.85, 565.59, 291.78, 565.59, 291.78, 577.04, 101.33, 577.04, 101.33, 589.87, 291.8, 589.87, 291.8, 601.33, 291.81, 601.33, 291.81, 611.41, 128.34, 611.41, 128.34, 622.87, 68.87, 622.87, 68.87, 612.78, 68.87, 599.96, 45.22, 599.96, 45.22, 589.87, 68.87, 589.87, 68.87, 578.41, 68.87, 566.95, 68.87, 555.5, 68.87, 542.67, 45.22, 542.67, 45.22, 532.58, 68.87, 532.58, 68.87, 521.13, 68.87, 509.67, 68.87, 498.21, 68.87, 485.39, 45.22, 485.39, 45.22, 475.3]]|27203.64875775017
PMC4030164_00012.jpg|414444|596|780|4052591|title|2|0|45.22|391.8|176.38|403.99|131.16|12.19|1598.8403999999998|[[45.22, 391.8, 176.38, 391.8, 176.38, 403.99, 45.22, 403.99, 45.22, 391.8]]|1598.7794500000018
PMC4030164_00012.jpg|414444|596|780|4052592|title|2|0|45.22|635.59|218.31|645.95|173.09|10.36|1793.2124|[[45.22, 635.59, 218.32, 635.59, 218.32, 645.95, 45.22, 645.95, 45.22, 635.59]]|1793.504673724994
PMC3159988_00005.jpg|423318|601|792|4149706|text|1|0|50.73|468.95|290.95|502.26|240.22|33.31|8001.7282|[[50.73, 468.95, 290.96, 468.95, 290.96, 479.53, 290.92, 479.53, 290.92, 490.9, 210.42, 490.9, 210.42, 502.27, 50.73, 502.27, 50.73, 491.69, 50.73, 480.32, 50.73, 468.95]]|7087.09168997762
PMC3159988_00005.jpg|423318|601|792|4149707|text|1|0|308.66|468.95|548.88|570.48|240.22|101.53|24389.5366|[[308.66, 468.95, 548.86, 468.95, 548.86, 480.32, 548.88, 480.32, 548.88, 490.9, 548.86, 490.9, 548.86, 502.27, 548.82, 502.27, 548.82, 514.42, 548.86, 514.42, 548.86, 525.0, 548.84, 525.0, 548.84, 536.38, 548.83, 536.38, 548.83, 547.75, 548.78, 547.75, 548.78, 559.11, 457.37, 559.11, 457.37, 570.48, 308.66, 570.48, 308.66, 559.9, 308.66, 548.53, 308.66, 537.17, 308.66, 525.8, 308.66, 514.42, 308.66, 503.06, 308.66, 491.69, 308.66, 480.32, 308.66, 468.95]]|23344.946207087487
PMC3159988_00005.jpg|423318|601|792|4149708|text|1|0|50.73|503.56|290.97|742.48|240.24|238.92|57398.1408|[[65.67, 503.56, 290.92, 503.56, 290.92, 514.63, 290.93, 514.63, 290.93, 526.78, 290.97, 526.78, 290.97, 537.36, 290.95, 537.36, 290.95, 549.24, 290.92, 549.24, 290.92, 561.39, 290.92, 561.39, 290.92, 572.76, 290.95, 572.76, 290.95, 583.34, 290.89, 583.34, 290.89, 595.49, 290.91, 595.49, 290.91, 606.07, 290.91, 606.07, 290.91, 618.23, 290.94, 618.23, 290.94, 629.59, 290.96, 629.59, 290.96, 640.17, 290.89, 640.17, 290.89, 652.19, 290.9, 652.19, 290.9, 663.69, 290.96, 663.69, 290.96, 674.27, 290.9, 674.27, 290.9, 686.43, 290.94, 686.43, 290.94, 697.01, 290.92, 697.01, 290.92, 708.38, 290.91, 708.38, 290.91, 719.74, 290.88, 719.74, 290.88, 731.9, 290.9, 731.9, 290.9, 742.48, 50.73, 742.48, 50.73, 731.9, 50.73, 720.53, 50.73, 709.16, 50.73, 709.16, 50.73, 697.79, 50.73, 686.43, 50.73, 675.06, 50.73, 662.91, 50.73, 662.91, 50.73, 652.19, 50.73, 640.96, 50.73, 629.59, 50.73, 629.59, 50.73, 618.23, 50.73, 606.86, 50.73, 595.49, 50.73, 584.13, 50.73, 572.76, 50.73, 561.39, 50.73, 561.39, 50.73, 550.02, 50.73, 538.66, 50.73, 526.78, 50.73, 526.78, 50.73, 514.63, 65.67, 514.63, 65.67, 503.56]]|57220.969704316
PMC3159988_00005.jpg|423318|601|792|4149709|text|1|0|308.66|584.53|548.88|720.16|240.22|135.63|32581.0386|[[308.66, 584.53, 548.85, 584.53, 548.85, 595.91, 548.88, 595.91, 548.88, 606.49, 548.87, 606.49, 548.87, 617.86, 548.84, 617.86, 548.84, 630.01, 548.86, 630.01, 548.86, 641.38, 548.88, 641.38, 548.88, 651.96, 548.86, 651.96, 548.86, 663.33, 548.85, 663.33, 548.85, 675.48, 548.87, 675.48, 548.87, 686.06, 548.82, 686.06, 548.82, 698.22, 548.87, 698.22, 548.87, 708.8, 480.94, 708.8, 480.94, 720.16, 308.66, 720.16, 308.66, 709.58, 308.66, 698.22, 308.66, 686.85, 308.66, 674.69, 308.66, 674.69, 308.66, 664.11, 308.66, 652.75, 308.66, 641.38, 308.66, 630.01, 308.66, 618.65, 308.66, 607.28, 308.66, 595.91, 308.66, 584.53]]|31805.477862984877
PMC3159988_00005.jpg|423318|601|792|4149710|text|1|0|308.66|720.46|548.84|742.89|240.18|22.43|5387.2374|[[323.6, 720.46, 548.85, 720.46, 548.85, 732.31, 548.85, 732.31, 548.85, 742.89, 308.66, 742.89, 308.66, 732.31, 323.6, 732.31, 323.6, 720.46]]|5209.494368361542
PMC3159988_00005.jpg|423318|601|792|4149711|text|1|0|50.73|423.07|548.86|443.06|498.13|19.99|9957.6187|[[50.73, 423.07, 548.87, 423.07, 548.87, 432.59, 163.08, 432.59, 163.08, 443.06, 50.73, 443.06, 50.73, 432.59, 50.73, 432.59, 50.73, 423.07]]|5919.366655616206
PMC3159988_00005.jpg|423318|601|792|4149712|figure|5|0|137.8|73.35|460.72|414.92|322.92|341.57|110299.7844|[[137.8, 73.35, 460.72, 73.35, 460.72, 414.93, 137.8, 414.93, 137.8, 73.35]]|110302.37779119998
PMC3600329_00005.jpg|424758|601|792|4162759|text|1|0|50.58|473.75|290.76|566.76|240.18|93.01|22339.1418|[[50.58, 473.75, 290.71, 473.75, 290.71, 487.19, 290.68, 487.19, 290.68, 496.43, 290.69, 496.43, 290.69, 507.86, 290.69, 507.86, 290.69, 519.22, 290.7, 519.22, 290.7, 530.59, 290.76, 530.59, 290.76, 544.03, 290.67, 544.03, 290.67, 555.4, 162.0, 555.4, 162.0, 566.76, 50.58, 566.76, 50.58, 553.32, 50.58, 541.96, 50.58, 530.59, 50.58, 519.22, 50.58, 509.93, 50.58, 509.93, 50.58, 498.56, 50.58, 498.56, 50.58, 487.19, 50.58, 487.19, 50.58, 473.75]]|20870.885074236896
PMC3600329_00005.jpg|424758|601|792|4162760|text|1|0|50.58|600.03|290.77|658.9399999999999|240.19|58.91|14149.5929|[[50.58, 600.03, 290.68, 600.03, 290.68, 611.4, 290.69, 611.4, 290.69, 622.77, 290.77, 622.77, 290.77, 636.21, 290.7, 636.21, 290.7, 647.57, 90.33, 647.57, 90.33, 658.94, 50.58, 658.94, 50.58, 645.5, 50.58, 634.13, 50.58, 622.77, 50.58, 611.4, 50.58, 600.03]]|11868.097824541504
PMC3600329_00005.jpg|424758|601|792|4162761|text|1|0|93.09|437.67|506.17|449.77|413.08|12.1|4998.268|[[93.09, 437.67, 506.16, 437.67, 506.16, 449.76, 93.09, 449.76, 93.09, 437.67]]|4996.429704374168
PMC3600329_00005.jpg|424758|601|792|4162762|figure|5|0|86.64|73.59|512.34|423.02|425.7|349.43|148752.351|[[86.64, 73.59, 512.34, 73.59, 512.34, 423.01, 86.64, 423.01, 86.64, 73.59]]|148750.45131600002
PMC3600329_00005.jpg|424758|601|792|4162763|list|3|0|323.28|473.76|548.76|743.12|225.48|269.36|60735.2928|[[338.5, 473.76, 548.71, 473.76, 548.71, 485.12, 548.74, 485.12, 548.74, 498.56, 548.73, 498.56, 548.73, 509.93, 548.73, 521.3, 548.71, 521.3, 548.71, 532.67, 548.69, 532.67, 548.69, 541.96, 548.76, 541.96, 548.76, 555.4, 548.71, 555.4, 548.71, 564.7, 548.71, 564.7, 548.71, 576.06, 548.72, 576.06, 548.72, 589.5, 548.72, 600.87, 426.86, 600.87, 426.86, 615.87, 548.72, 615.87, 548.72, 629.45, 548.71, 629.45, 548.71, 638.74, 548.73, 638.74, 548.73, 650.11, 548.73, 650.11, 548.73, 663.55, 548.72, 663.55, 548.72, 672.84, 548.73, 672.84, 548.73, 684.21, 548.75, 684.21, 548.75, 697.65, 548.72, 697.65, 548.72, 706.95, 548.73, 706.95, 548.73, 720.38, 548.73, 720.38, 548.73, 729.68, 548.73, 729.68, 548.73, 743.12, 338.5, 743.12, 338.5, 729.68, 338.5, 718.31, 338.5, 706.95, 338.5, 695.58, 338.5, 684.21, 338.5, 672.84, 338.5, 661.48, 338.5, 650.11, 338.5, 638.74, 338.5, 629.45, 323.28, 629.45, 323.28, 615.87, 338.5, 615.87, 338.5, 598.8, 338.5, 587.43, 338.5, 576.06, 338.5, 564.7, 338.5, 553.33, 338.5, 541.96, 338.5, 530.59, 338.5, 519.23, 338.5, 507.86, 338.5, 496.49, 338.5, 485.12, 338.5, 473.76]]|55006.42988341488
PMC3600329_00005.jpg|424758|601|792|4162764|list|3|0|67.91|661.33|290.71000000000004|743.11|222.8|81.78|18220.584000000003|[[67.91, 661.33, 290.69, 661.33, 290.69, 674.91, 290.67, 674.91, 290.67, 684.2, 290.69, 684.2, 290.69, 695.57, 290.71, 695.57, 290.71, 709.01, 290.71, 709.01, 290.71, 720.38, 290.68, 720.38, 290.68, 729.67, 290.7, 729.67, 290.7, 743.11, 80.47, 743.11, 80.47, 729.67, 80.47, 718.3, 80.47, 706.94, 80.47, 695.57, 80.47, 684.2, 80.47, 674.91, 67.91, 674.91, 67.91, 661.33]]|17362.81842063018
PMC3600329_00005.jpg|424758|601|792|4162765|title|2|0|50.58|580.96|175.95999999999998|593.84|125.38|12.88|1614.8944|[[50.58, 580.96, 175.96, 580.96, 175.96, 593.84, 50.58, 593.84, 50.58, 580.96]]|1614.2904596197186
PMC3321555_00000.jpg|424938|601|792|4164341|text|1|0|86.85|403.65|549.35|496.87|462.5|93.22|43114.25|[[86.85, 403.65, 549.26, 403.65, 549.26, 414.11, 549.35, 414.11, 549.35, 423.63, 549.35, 423.63, 549.35, 434.1, 549.34, 434.1, 549.34, 445.49, 549.35, 445.49, 549.35, 455.01, 549.33, 455.01, 549.33, 465.48, 549.27, 465.48, 549.27, 476.88, 549.34, 476.88, 549.34, 486.4, 507.51, 486.4, 507.51, 496.86, 86.85, 496.86, 86.85, 486.4, 86.85, 486.4, 86.85, 476.88, 86.85, 466.42, 86.85, 455.96, 86.85, 445.49, 86.85, 435.03, 86.85, 435.03, 86.85, 424.57, 86.85, 414.11, 86.85, 403.65]]|42672.44958596164
PMC3321555_00000.jpg|424938|601|792|4164342|text|1|0|50.73|559.26|290.96|694.88|240.23|135.62|32579.9926|[[50.73, 559.26, 290.93, 559.26, 290.93, 569.84, 290.93, 569.84, 290.93, 581.99, 290.93, 581.99, 290.93, 592.57, 290.91, 592.57, 290.91, 603.94, 290.9, 603.94, 290.9, 616.09, 290.91, 616.09, 290.91, 627.46, 290.92, 627.46, 290.92, 638.83, 290.93, 638.83, 290.93, 650.2, 290.94, 650.2, 290.94, 660.78, 290.93, 660.78, 290.93, 672.93, 290.97, 672.93, 290.97, 683.51, 85.53, 683.51, 85.53, 694.88, 50.73, 694.88, 50.73, 684.3, 50.73, 672.93, 50.73, 661.56, 50.73, 650.2, 50.73, 638.83, 50.73, 627.46, 50.73, 616.09, 50.73, 604.73, 50.73, 593.36, 50.73, 581.99, 50.73, 569.84, 50.73, 569.84, 50.73, 559.26]]|30240.192630189937
PMC3321555_00000.jpg|424938|601|792|4164343|text|1|0|308.66|537.37|548.89|741.8|240.23|204.43|49110.2189|[[308.66, 537.37, 548.82, 537.37, 548.82, 548.74, 548.89, 548.74, 548.89, 559.32, 548.87, 559.32, 548.87, 570.69, 548.86, 570.69, 548.86, 582.84, 548.86, 582.84, 548.86, 594.21, 548.87, 594.21, 548.87, 604.79, 548.85, 604.79, 548.85, 616.16, 548.85, 616.16, 548.85, 627.53, 548.83, 627.53, 548.83, 639.68, 548.85, 639.68, 548.85, 650.26, 548.81, 650.26, 548.81, 662.41, 548.86, 662.41, 548.86, 673.6, 548.87, 673.6, 548.87, 685.15, 548.87, 685.15, 548.87, 695.73, 548.86, 695.73, 548.86, 707.3, 548.83, 707.3, 548.83, 719.85, 548.88, 719.85, 548.88, 730.43, 355.33, 730.43, 355.33, 741.8, 308.66, 741.8, 308.66, 731.22, 308.66, 719.85, 308.66, 707.3, 308.66, 707.3, 308.66, 696.72, 308.66, 685.15, 308.66, 685.15, 308.66, 673.6, 308.66, 662.41, 308.66, 651.05, 308.66, 639.68, 308.66, 628.31, 308.66, 628.31, 308.66, 616.74, 308.66, 605.58, 308.66, 594.21, 308.66, 582.84, 308.66, 571.48, 308.66, 560.11, 308.66, 548.74, 308.66, 537.37]]|46901.28497128934
PMC3321555_00000.jpg|424938|601|792|4164344|text|1|0|50.73|697.65|290.96|742.3399999999999|240.23|44.69|10735.8787|[[65.67, 697.65, 290.94, 697.65, 290.94, 708.23, 290.94, 708.23, 290.94, 719.6, 290.89, 719.6, 290.89, 731.76, 290.97, 731.76, 290.97, 742.34, 50.73, 742.34, 50.73, 731.76, 50.73, 720.39, 50.73, 709.02, 65.67, 709.02, 65.67, 697.65]]|10564.920482010348
PMC3321555_00000.jpg|424938|601|792|4164345|text|1|0|86.7|345.45|214.35|354.97|127.65|9.52|1215.228|[[86.7, 345.45, 214.35, 345.45, 214.35, 354.98, 86.7, 354.98, 86.7, 345.45]]|1215.516664057723
PMC3321555_00000.jpg|424938|601|792|4164346|text|1|0|86.85|363.8|549.41|394.25|462.56|30.45|14084.952|[[86.85, 363.8, 549.41, 363.8, 549.41, 373.32, 549.32, 373.32, 549.32, 383.79, 106.33, 383.79, 106.33, 394.24, 86.85, 394.24, 86.85, 384.72, 86.85, 374.26, 86.85, 363.8]]|9449.260116079007
PMC3321555_00000.jpg|424938|601|792|4164347|text|1|0|87.09|269.67|513.43|299.99|426.34|30.32|12926.6288|[[87.09, 269.67, 401.9, 269.67, 401.9, 280.05, 513.44, 280.05, 513.44, 289.63, 414.54, 289.63, 414.54, 299.99, 87.09, 299.99, 87.09, 290.41, 87.09, 280.05, 87.09, 269.67]]|10745.463385210956
PMC3321555_00000.jpg|424938|601|792|4164348|text|1|0|86.64|246.88|492.23|259.94|405.59|13.06|5297.0054|[[86.64, 246.88, 492.24, 246.88, 492.24, 259.95, 86.64, 259.95, 86.64, 246.88]]|5298.661771028768
PMC3321555_00000.jpg|424938|601|792|4164349|title|2|0|50.73|157.44|487.73|216.61|437.0|59.17|25857.29|[[50.73, 157.44, 479.67, 157.44, 479.67, 177.36, 487.74, 177.36, 487.74, 196.68, 175.78, 196.68, 175.78, 216.6, 50.73, 216.6, 50.73, 197.29, 50.73, 177.36, 50.73, 157.44]]|19479.18942634121
PMC3321555_00000.jpg|424938|601|792|4164350|title|2|0|50.73|535.55|128.15|548.43|77.42|12.88|997.1696|[[50.73, 535.55, 128.15, 535.55, 128.15, 548.43, 50.73, 548.43, 50.73, 535.55]]|996.7864921345608
PMC3321555_00000.jpg|424938|601|792|4199675|text|1|0|86.6|308.94|414.22|318.46|327.62|9.52|3118.9424|[[86.6, 308.94, 414.22, 308.94, 414.22, 318.46, 86.6, 318.46, 86.6, 308.94]]|3118.942399999971
PMC3321555_00000.jpg|424938|601|792|4199676|text|1|0|86.7|327.12|284.9|336.64|198.2|9.52|1886.864|[[86.7, 327.12, 284.9, 327.12, 284.9, 336.64, 86.7, 336.64, 86.7, 327.12]]|1886.8639999999723
